soil_moisture,temperature,humidity,light_hours,days_since_watering,plant_type,label
27.63096748,34.90267673,26.6878374,11.70712757,2,Basil,Water_Today
40.36509731,27.23139796,21.89504092,6.030515345,0,Basil,Water_Tomorrow
41.16527043,27.91751552,51.89648765,11.39563181,1,Basil,Water_Tomorrow
47.21739922,20.74491802,32.59844695,4.139884712,1,Basil,Skip
42.05762459,15.97209615,38.247034,11.29642423,1,Basil,Water_Tomorrow
53.60019286,21.33886837,60.4548135,4.951380044,1,Basil,Skip
39.82912127,19.71762366,46.08891379,6.224171183,3,Basil,Water_Today
39.13754037,28.66107426,54.86587735,8.366558713,3,Basil,Water_Today
37.6454668,30.51786029,26.24107964,6.997502017,0,Basil,Water_Today
40.9579448,25.07319256,47.42986468,9.065842745,2,Basil,Water_Tomorrow
42.50635681,29.72078534,60.76589025,10.47940195,1,Basil,Water_Tomorrow
45.43424585,16.09736383,58.65464482,9.835435975,2,Basil,Skip
53.11940116,15.14014874,76.72712061,11.25207057,2,Basil,Skip
45.13956579,26.70935655,63.98820156,7.502623841,2,Basil,Skip
44.4437465,29.66107147,45.4513416,5.223638281,1,Basil,Water_Tomorrow
47.69147699,32.33489536,63.72056059,5.366764898,1,Basil,Skip
59.85747022,17.14077761,72.50980247,4.440754258,0,Basil,Skip
41.58961275,18.68763154,60.15757534,9.638860524,3,Basil,Water_Tomorrow
38.89833172,18.20568491,26.66497677,5.059653103,2,Basil,Water_Today
39.59489928,17.03990521,53.10001917,11.39611884,3,Basil,Water_Today
36.57098325,23.04963069,52.65628634,11.40889035,3,Basil,Water_Today
53.94669534,19.14195368,70.45896028,9.4556568,0,Basil,Skip
55.73860789,17.06300689,56.491934,4.735104121,0,Basil,Skip
40.36059842,23.32121549,29.35240154,6.438410377,2,Basil,Water_Tomorrow
50.45990075,23.78852639,74.43978471,11.24493088,0,Basil,Skip
46.61041264,31.28789002,54.38271528,7.458459074,0,Basil,Skip
35.74352975,24.54383066,41.51970122,11.31919836,2,Basil,Water_Today
42.99767997,18.15388762,38.27739284,5.945964331,2,Basil,Water_Tomorrow
50.24230333,25.53616657,55.17632854,8.935470463,0,Basil,Skip
39.87355987,34.55147267,68.45735585,8.501951566,2,Basil,Water_Today
50.1386363,17.78782454,73.09268518,8.55997497,3,Basil,Skip
52.68065216,15.83076197,62.94196483,7.29986276,1,Basil,Skip
41.20615474,19.69367563,43.27195194,5.254359332,3,Basil,Water_Tomorrow
55.1388093,25.84331557,78.61298135,4.672123583,2,Basil,Skip
47.54550849,26.37304031,76.84705805,7.756115938,2,Basil,Skip
52.86597903,22.41435544,78.23893596,7.852366635,2,Basil,Skip
41.99088966,24.21730992,31.16231268,4.053152596,1,Basil,Water_Tomorrow
43.09022605,26.92740038,48.77416468,4.570043371,2,Basil,Water_Tomorrow
47.89076243,34.62936879,69.92509328,7.535693352,0,Basil,Skip
51.09809652,18.44208194,78.66861565,5.512078098,3,Basil,Skip
31.24588088,33.60500836,49.19888374,10.05528501,3,Basil,Water_Today
58.30285414,15.7666015,74.14011423,7.699093543,0,Basil,Skip
40.06765767,32.84118217,44.80383865,5.599619922,1,Basil,Water_Tomorrow
42.63420499,20.27946754,43.66469459,8.786566454,1,Basil,Water_Tomorrow
45.94461645,17.53621774,63.64107454,11.82663396,2,Basil,Skip
39.04068679,19.57127621,42.85248738,6.273586516,3,Basil,Water_Today
54.39381541,28.18294249,66.27135312,4.941924583,0,Basil,Skip
46.08715678,22.41915318,62.17731577,10.00988849,2,Basil,Skip
34.94309938,29.80098532,26.3009859,10.34380478,0,Basil,Water_Today
50.75879083,19.35698402,45.7699853,9.004327978,0,Basil,Skip
45.33738456,27.2639344,78.14713718,10.14920665,3,Basil,Skip
38.67624758,32.76403727,58.84230173,9.011100911,2,Basil,Water_Today
44.25476122,29.48030192,61.6985001,9.380734926,1,Basil,Water_Tomorrow
42.44517492,27.95646697,66.32865812,7.902165685,3,Basil,Water_Tomorrow
51.80660308,32.15768299,59.43848408,5.224669885,0,Basil,Skip
47.00841258,32.03943166,77.66872007,11.85555809,0,Basil,Skip
43.66329782,22.63590092,44.92575915,11.38563965,1,Basil,Water_Tomorrow
45.69094454,28.28641781,64.73064718,11.10002802,1,Basil,Skip
43.63591684,22.14866062,23.68016178,4.428474044,0,Basil,Water_Tomorrow
37.56028507,22.66831639,42.15359955,10.15826509,3,Basil,Water_Today
45.72879679,33.4002461,57.11592357,5.423705551,1,Basil,Skip
51.50530179,17.80982793,43.8592815,4.553307708,1,Basil,Skip
55.82388498,24.20171035,70.67115091,5.247462896,0,Basil,Skip
38.67555483,23.68760628,33.54938568,5.271820931,2,Basil,Water_Today
52.41369507,23.09920519,75.60192341,11.20696716,1,Basil,Skip
53.15178066,19.93905216,54.68928792,8.072381652,0,Basil,Skip
53.50771849,22.00013609,79.47712941,6.672092806,2,Basil,Skip
40.1025149,25.32060048,31.63947866,5.377866509,2,Basil,Water_Tomorrow
32.94762599,32.24488736,34.85220308,7.69888241,3,Basil,Water_Today
42.75118004,23.1892464,44.07921545,8.845300919,2,Basil,Water_Tomorrow
37.95844059,25.68322995,25.89107811,5.890484465,1,Basil,Water_Today
53.27224882,17.44977835,74.62927896,6.024783679,3,Basil,Skip
39.6417409,33.08415229,38.67055793,7.013563244,1,Basil,Water_Today
42.1284101,32.24418258,69.33840572,9.183818013,2,Basil,Water_Tomorrow
36.58774301,26.34298159,22.89947852,8.635966852,0,Basil,Water_Today
38.83560851,33.02350022,41.77507161,6.366891705,1,Basil,Water_Today
47.02677745,17.509727,36.05221923,4.83807154,2,Basil,Skip
31.90074468,32.45954228,35.47615106,10.46679687,2,Basil,Water_Today
47.0523873,27.46249465,56.21675887,8.59776365,1,Basil,Skip
41.75752277,21.60414152,25.25524093,6.765166132,0,Basil,Water_Tomorrow
42.31039866,29.76018597,73.68174701,9.582087675,3,Basil,Water_Tomorrow
38.41340237,25.42796119,26.63559423,6.18369233,2,Basil,Water_Today
48.53637378,21.71079223,73.83362601,7.329406454,3,Basil,Skip
37.2103532,27.97218311,20.56124683,10.27369936,0,Basil,Water_Today
51.43551688,15.15920837,68.78885017,7.553691235,2,Basil,Skip
41.91190357,33.01189449,43.81886283,6.780838226,1,Basil,Water_Tomorrow
41.67825528,28.51238238,47.87529527,7.231654011,1,Basil,Water_Tomorrow
38.78251422,27.6438697,40.43278126,7.676580185,1,Basil,Water_Today
35.47654213,25.38200338,22.10599915,11.92650895,0,Basil,Water_Today
38.97967124,24.97286067,45.3048026,10.2955352,1,Basil,Water_Today
45.55125542,32.9954127,77.52181009,6.389987196,3,Basil,Skip
50.75576146,33.14067146,68.93638887,4.363562854,0,Basil,Skip
37.63765492,25.82772203,31.7724335,9.005487203,1,Basil,Water_Today
41.01644686,15.06519213,35.21299415,7.1341266,2,Basil,Water_Tomorrow
39.40559835,30.3045421,36.34503004,7.38888149,1,Basil,Water_Today
49.39799573,27.77972508,66.78699095,11.95095217,0,Basil,Skip
34.89551087,25.26470999,28.90014276,8.904410668,2,Basil,Water_Today
52.21534986,18.31595486,59.21997171,9.639031336,0,Basil,Skip
46.85244554,29.99936124,58.39277598,5.34622595,2,Basil,Skip
49.12767446,18.92331602,29.83351026,5.159597393,0,Basil,Skip
46.70454284,27.363848,66.1597155,5.08104542,2,Basil,Skip
41.05298574,15.62152231,26.76762402,4.344767979,2,Basil,Water_Tomorrow
43.07089836,27.55958753,48.65308903,6.166886443,1,Basil,Water_Tomorrow
44.61461049,34.47241535,67.55742229,10.66057216,0,Basil,Water_Tomorrow
47.26611255,30.75069101,72.90772958,5.792597918,2,Basil,Skip
37.43289358,24.07899787,37.41828604,8.500235243,3,Basil,Water_Today
44.42907253,22.38710078,47.08588143,9.850325286,0,Basil,Water_Tomorrow
44.65727384,20.77396961,40.73222279,6.169203253,1,Basil,Water_Tomorrow
42.43079011,19.67687798,30.46633701,8.705075414,0,Basil,Water_Tomorrow
34.97648068,18.14169896,35.50213916,9.383285431,3,Basil,Water_Today
50.54947626,20.95928045,67.05218215,4.432096144,3,Basil,Skip
50.00660523,18.64860896,64.79499705,9.023196855,2,Basil,Skip
58.42945525,22.38353411,77.27433481,4.808548462,1,Basil,Skip
37.59813438,32.09878791,48.80045031,7.858474588,3,Basil,Water_Today
36.87102658,29.11679362,27.05703482,6.541840534,2,Basil,Water_Today
54.81762011,16.57530569,64.53294985,5.940015334,2,Basil,Skip
44.00773616,20.09902433,33.16932697,7.912756335,1,Basil,Water_Tomorrow
43.63287124,20.22609152,58.21163791,6.481960658,3,Basil,Water_Tomorrow
31.15772952,21.95039979,29.23171425,9.282102442,3,Basil,Water_Today
37.12532245,31.7616412,25.57735609,7.657089687,1,Basil,Water_Today
37.41531947,34.90218105,34.12617155,5.26743421,2,Basil,Water_Today
34.89419746,34.52454659,56.72206144,11.4588379,2,Basil,Water_Today
50.05982047,16.01633656,51.82285233,5.850448667,2,Basil,Skip
44.02966823,26.99219023,57.08067088,7.268928716,2,Basil,Water_Tomorrow
43.20524382,28.42461339,41.0755999,5.890813762,1,Basil,Water_Tomorrow
25.7137204,28.00458834,21.30258292,9.058035467,3,Basil,Water_Today
41.93798936,23.72992327,28.9926537,8.564745926,0,Basil,Water_Tomorrow
32.16438499,34.91525124,36.80716534,4.182216048,3,Basil,Water_Today
31.02086318,30.30078297,50.67299289,11.43226177,3,Basil,Water_Today
46.45793382,22.51715234,60.42933098,10.56986468,1,Basil,Skip
41.71481955,22.63643436,27.0624823,6.342728275,1,Basil,Water_Tomorrow
35.47405934,34.08124384,30.43743289,6.200355172,1,Basil,Water_Today
52.58708579,22.54856526,56.05040068,7.627558051,0,Basil,Skip
46.77838118,33.79253945,73.69665595,4.941349238,3,Basil,Skip
42.96000208,20.48605071,52.76375742,11.01604856,2,Basil,Water_Tomorrow
43.47420086,28.3964693,51.45872673,6.080378626,1,Basil,Water_Tomorrow
51.21906882,18.45082394,70.63835664,7.178794,2,Basil,Skip
43.63798189,24.18593951,63.73134698,10.08808104,2,Basil,Water_Tomorrow
42.66029325,22.22074054,43.18947721,11.01613336,1,Basil,Water_Tomorrow
36.04377533,19.40914882,25.63422263,11.17792949,1,Basil,Water_Today
37.96936979,29.82770794,29.17106645,9.974298385,0,Basil,Water_Today
53.40440464,17.01330834,60.35908682,7.485654236,0,Basil,Skip
46.93496669,32.91066098,79.10576094,9.936640916,2,Basil,Skip
27.35811023,29.52339333,29.96635576,11.38815621,3,Basil,Water_Today
54.23110225,19.06049596,56.51645207,4.653348948,0,Basil,Skip
46.96242499,19.92462418,38.93211849,7.384498366,0,Basil,Skip
61.04817069,22.19616832,79.01247181,4.402343257,1,Basil,Skip
31.90005589,26.92969406,30.29532562,5.922577714,3,Basil,Water_Today
39.17407826,22.3088138,28.91771092,11.3694429,0,Basil,Water_Today
40.21735846,34.26788655,49.6847024,9.561792087,0,Basil,Water_Tomorrow
36.97587653,20.10113673,43.27390965,11.52928373,3,Basil,Water_Today
38.25118368,17.14073761,35.48131086,10.18533718,2,Basil,Water_Today
41.07256123,19.69227336,40.25029195,6.696698259,3,Basil,Water_Tomorrow
50.48096958,30.84588141,79.13471524,5.59846921,2,Basil,Skip
37.29543076,30.33904738,29.41459878,7.82886342,0,Basil,Water_Today
33.8017672,30.74379315,32.2998037,9.372653226,1,Basil,Water_Today
40.766735,22.79129657,22.09801328,5.027123899,1,Basil,Water_Tomorrow
35.17054516,26.20084764,20.12604492,4.254844619,2,Basil,Water_Today
38.81923418,22.33396978,21.99469986,7.196844666,1,Basil,Water_Today
42.97823396,33.52890438,40.36336604,4.665532087,1,Basil,Water_Tomorrow
36.10729502,22.11224268,40.77755134,7.137790563,3,Basil,Water_Today
44.73641327,25.08116375,66.78059567,4.832347411,3,Basil,Water_Tomorrow
42.29548985,26.56586382,27.55544759,4.322393152,1,Basil,Water_Tomorrow
45.37154617,34.23788562,66.8951705,10.45064965,0,Basil,Skip
33.98164678,25.0585424,28.5165708,4.06957325,3,Basil,Water_Today
43.68434233,23.22313444,49.5706834,10.25737388,1,Basil,Water_Tomorrow
41.90947143,26.55343847,43.70001,9.90135153,0,Basil,Water_Tomorrow
42.29601205,19.26033891,34.2635038,10.15982527,0,Basil,Water_Tomorrow
49.12707751,20.34473737,58.50294224,4.037885787,3,Basil,Skip
35.09860674,25.68523194,21.08143169,7.370281459,1,Basil,Water_Today
58.42039603,25.81412873,76.32443854,6.87691327,0,Basil,Skip
41.95021474,34.5949501,68.59257471,9.465016952,1,Basil,Water_Tomorrow
40.49867048,17.98660666,29.35172548,7.2239988,2,Basil,Water_Tomorrow
54.62467158,18.05095558,56.17672854,7.157660952,0,Basil,Skip
51.34445163,25.59012736,78.86085032,5.60944103,3,Basil,Skip
48.66020799,30.39925211,74.32626681,6.608609391,2,Basil,Skip
33.32114431,33.14532251,44.56232908,11.35314277,2,Basil,Water_Today
42.32516093,27.30372986,71.0912776,8.240089109,3,Basil,Water_Tomorrow
44.84827374,28.19550406,63.75802035,6.951908066,2,Basil,Water_Tomorrow
33.01013124,24.26019457,36.66766101,10.90541338,3,Basil,Water_Today
33.13072862,27.82179794,43.89972298,10.83517819,3,Basil,Water_Today
38.62186896,23.49692396,42.06308075,11.34757428,1,Basil,Water_Today
44.44533263,24.715903,79.96156511,9.597447863,3,Basil,Water_Tomorrow
47.87377922,33.01422577,71.3027282,5.196839752,2,Basil,Skip
47.98400812,22.24833959,54.57589785,9.553613871,0,Basil,Skip
56.41665383,20.13625354,54.44229656,5.395631731,0,Basil,Skip
40.0858853,21.48993287,34.1323134,4.575741617,3,Basil,Water_Tomorrow
33.78333761,33.80654832,27.40478681,10.80602422,0,Basil,Water_Today
51.34342287,30.84032675,77.04844502,6.343678601,2,Basil,Skip
40.81947759,27.42098024,68.72995433,8.403848346,3,Basil,Water_Tomorrow
49.94102206,29.60509244,55.65702079,4.235590563,1,Basil,Skip
28.10099582,34.19565641,27.67810301,7.635165382,3,Basil,Water_Today
34.12106349,28.63006811,29.72711164,4.898637854,3,Basil,Water_Today
32.29693512,28.89743174,35.29180654,9.062627675,3,Basil,Water_Today
49.53415098,21.44120189,72.39106168,4.218878864,3,Basil,Skip
51.7462917,21.48879624,73.22513659,4.529544308,3,Basil,Skip
32.73866331,31.63988347,22.11435397,5.064609275,3,Basil,Water_Today
52.97909577,32.94013691,76.36972437,6.06260393,1,Basil,Skip
38.93152735,19.11465762,24.2612501,7.528604101,2,Basil,Water_Today
43.74469873,16.65636578,39.95369752,10.48755463,1,Basil,Water_Tomorrow
36.8319967,22.14237453,44.52092558,11.90632568,3,Basil,Water_Today
36.20253218,27.01814682,48.51281092,11.40865714,3,Basil,Water_Today
45.33609965,24.57627699,46.19946056,4.978075624,2,Basil,Skip
35.085978,30.24157435,32.77127661,8.047879454,1,Basil,Water_Today
50.11160212,27.85737087,63.73737098,4.75569273,2,Basil,Skip
49.09268043,28.06572958,73.4484353,10.49784183,0,Basil,Skip
35.16401581,34.17600639,54.01891942,9.613679008,2,Basil,Water_Today
34.25584589,23.2099177,30.72726563,9.311017014,3,Basil,Water_Today
35.85378774,28.88721485,26.06073807,9.111988691,1,Basil,Water_Today
39.33865595,23.44571159,38.96727857,6.940892772,2,Basil,Water_Today
41.36156475,24.84781181,56.51607362,11.03424838,2,Basil,Water_Tomorrow
50.36499366,18.54735404,65.33253974,9.214430348,1,Basil,Skip
34.87946274,17.89613991,26.88684662,7.057254515,3,Basil,Water_Today
33.22394408,27.70521389,53.6866448,11.33175455,3,Basil,Water_Today
52.36830446,17.7399654,49.02861649,8.637446637,0,Basil,Skip
38.57616809,34.00765006,57.2924595,4.917263727,3,Basil,Water_Today
39.61710002,29.30985,63.70991904,7.022086877,3,Basil,Water_Today
42.50557151,16.01967887,42.79757733,10.313087,2,Basil,Water_Tomorrow
39.82785498,31.89453373,56.6049021,6.200507976,3,Basil,Water_Today
42.94284529,23.1070168,59.76470319,9.25881593,3,Basil,Water_Tomorrow
30.86004638,31.03781154,22.05171433,5.387262811,2,Basil,Water_Today
38.721012,15.09526405,22.46685182,8.967525475,2,Basil,Water_Today
48.81940859,17.27755032,29.499535,5.622402605,0,Basil,Skip
43.23637991,33.67197713,40.22639302,4.959612065,0,Basil,Water_Tomorrow
37.14228446,24.15184525,33.14891785,10.97726493,1,Basil,Water_Today
47.99093767,34.29244265,60.62478198,4.237363525,1,Basil,Skip
42.75564463,34.33754151,42.13391185,7.079857016,0,Basil,Water_Tomorrow
54.60004197,17.86243669,72.65289835,4.605793922,3,Basil,Skip
36.75379079,33.89319545,40.92031901,10.52048735,0,Basil,Water_Today
52.79014563,17.44322894,67.78085893,9.977635706,0,Basil,Skip
48.99434165,31.20088759,70.89511651,7.865603334,0,Basil,Skip
38.23665518,25.9279986,40.75846063,11.55491016,1,Basil,Water_Today
45.49857007,26.62493227,54.22248012,6.395660647,2,Basil,Skip
33.89412683,16.92757853,23.33413193,6.883877865,3,Basil,Water_Today
33.32948296,16.91894322,25.16498547,9.480082603,3,Basil,Water_Today
32.49250977,34.36494917,29.48353133,7.887269531,1,Basil,Water_Today
50.36482135,23.03604637,56.92647137,4.809825569,1,Basil,Skip
46.9461267,21.13425107,44.48655581,4.670696164,1,Basil,Skip
31.41398836,28.6076132,29.20281308,8.126782974,3,Basil,Water_Today
43.97679958,21.01547007,52.71301046,6.163496707,3,Basil,Water_Tomorrow
37.8630219,23.72546555,24.42714553,10.34395503,1,Basil,Water_Today
41.52254693,17.07219771,24.48781067,6.770134034,1,Basil,Water_Tomorrow
40.47927205,21.80403223,52.52484825,10.24216325,3,Basil,Water_Tomorrow
47.30328314,26.60313089,65.44408307,11.71122292,0,Basil,Skip
41.99543448,23.75459236,75.20568442,10.97785669,3,Basil,Water_Tomorrow
43.50531818,17.81459178,36.94531241,8.498562085,1,Basil,Water_Tomorrow
46.4921645,33.02163092,69.55826484,7.544128585,1,Basil,Skip
28.57753816,34.72329349,25.2897143,9.745028173,1,Basil,Water_Today
49.11199069,31.47958524,76.85696929,6.745925797,2,Basil,Skip
60.61699916,26.46218224,61.96129043,10.22695119,0,Tomato,Skip
58.12844771,18.43404764,77.26786204,8.719503803,4,Tomato,Skip
55.3266652,28.22826336,34.33267021,4.114551567,0,Tomato,Skip
50.11210861,23.25394836,46.2674215,5.763700851,4,Tomato,Skip
55.21191282,26.73457253,51.2049356,6.746132167,1,Tomato,Skip
33.4846384,25.46907683,22.9516784,11.97966911,3,Tomato,Water_Today
55.99094171,28.099023,68.52536294,6.554281244,3,Tomato,Skip
42.55498329,26.15836248,39.47495668,5.257899555,4,Tomato,Water_Today
50.36759839,31.24030024,55.84154615,7.112925676,3,Tomato,Skip
51.15014337,17.12871797,60.15218022,11.82683649,4,Tomato,Skip
44.2409498,16.4186585,32.60938425,8.464094326,3,Tomato,Water_Today
50.36954794,34.62323469,38.83850727,7.149884593,0,Tomato,Skip
53.4085594,24.64732213,66.17299132,9.403357442,3,Tomato,Skip
50.90728,23.77949244,39.43256148,9.057217825,0,Tomato,Skip
56.69226797,24.80413756,48.07227069,7.014835204,0,Tomato,Skip
51.35436154,25.63012195,75.70254301,10.25840311,4,Tomato,Skip
48.65730212,23.42501241,50.52813713,7.809980781,3,Tomato,Water_Tomorrow
56.88260781,28.85946196,69.93452988,6.777069096,2,Tomato,Skip
40.13229649,28.18512547,40.8790672,8.346090948,3,Tomato,Water_Today
49.82932934,29.21954841,60.1235945,8.868800656,3,Tomato,Water_Tomorrow
37.73507227,31.80286095,22.5028435,4.596102431,3,Tomato,Water_Today
39.97535902,24.28773306,20.55216968,11.27008412,1,Tomato,Water_Today
42.39759372,21.72171381,51.47853935,10.98739919,4,Tomato,Water_Today
57.40981313,26.2610487,55.72757017,10.66780418,0,Tomato,Skip
61.35719818,17.50749651,77.4084404,11.85919529,3,Tomato,Skip
53.05056449,17.82494192,31.81862839,5.800598258,1,Tomato,Skip
58.78393817,18.00808703,44.45453295,9.068401952,0,Tomato,Skip
66.65332449,19.4179613,55.25000416,4.563724841,1,Tomato,Skip
43.92842055,20.09624215,30.43358119,6.964090728,4,Tomato,Water_Today
51.06856757,24.51923834,72.23151064,9.721754622,4,Tomato,Skip
55.66665256,26.68664159,68.34720656,11.26508896,2,Tomato,Skip
64.55740253,27.26161778,69.70328809,4.384358962,2,Tomato,Skip
52.79616459,27.07405999,34.46186133,4.932670772,1,Tomato,Skip
63.32317477,15.66873119,74.2239724,11.22694857,2,Tomato,Skip
46.14010522,22.18461155,31.26901259,5.376662476,3,Tomato,Water_Tomorrow
60.01715627,17.33135787,71.20864943,11.38248718,2,Tomato,Skip
54.94368732,33.80480503,79.43191109,4.54207756,4,Tomato,Skip
49.23228466,22.67786653,56.40268363,6.791307803,4,Tomato,Water_Tomorrow
44.98593974,21.66271449,24.96617947,5.740949788,2,Tomato,Water_Today
61.37306335,18.85882647,53.90981177,7.238671292,1,Tomato,Skip
49.35931662,17.82438861,32.16417993,7.040935087,2,Tomato,Water_Tomorrow
62.93418548,17.8509137,61.31518719,8.051517154,1,Tomato,Skip
47.27691753,19.71482505,39.43053775,11.37458807,1,Tomato,Water_Tomorrow
67.82571977,17.31176768,69.66964768,8.04912278,1,Tomato,Skip
57.22223993,15.10410896,29.67768667,8.282185037,0,Tomato,Skip
50.66817555,19.13466367,39.18598144,5.790364297,3,Tomato,Skip
65.26798686,17.08326034,68.99606532,4.80475014,3,Tomato,Skip
58.81077851,15.93318351,51.96375571,9.363794704,1,Tomato,Skip
43.25273258,23.8268625,25.82191579,6.323188952,3,Tomato,Water_Today
55.02993958,17.16855721,41.04189903,7.417657981,2,Tomato,Skip
48.51238226,34.31805652,60.68189828,9.902030658,2,Tomato,Water_Tomorrow
57.28850492,17.22672599,31.40081862,4.415748678,1,Tomato,Skip
60.99126064,21.97887728,61.49604739,4.511985983,2,Tomato,Skip
60.24016485,23.96244117,78.87338377,11.88463395,2,Tomato,Skip
49.9026778,22.87170418,34.01910003,8.658015529,1,Tomato,Water_Tomorrow
53.18930765,24.00268945,69.70868988,9.024113133,4,Tomato,Skip
39.20449879,21.58589764,21.38134372,10.65434512,2,Tomato,Water_Today
50.40670705,30.39557913,50.67810108,8.860330771,1,Tomato,Skip
44.29396759,31.83794216,34.53354697,10.07925816,0,Tomato,Water_Today
39.58291884,20.00238271,22.10134839,8.600519008,3,Tomato,Water_Today
49.50270351,30.63002925,40.02274657,5.459446028,2,Tomato,Water_Tomorrow
47.95858764,23.97892803,44.09642069,4.971244678,4,Tomato,Water_Tomorrow
70.49717665,17.29071895,70.66171007,6.566548603,1,Tomato,Skip
51.95415643,27.79257446,40.41528574,7.514049087,1,Tomato,Skip
56.18528541,23.33343073,45.13711848,7.103815572,0,Tomato,Skip
47.3336731,20.26793287,26.06625556,4.28588688,2,Tomato,Water_Tomorrow
70.88893809,17.73485553,75.23787667,10.96572552,0,Tomato,Skip
50.27746315,27.80510458,43.35610588,11.2799979,0,Tomato,Skip
50.21102739,29.89090953,34.37712202,6.020477144,0,Tomato,Skip
55.55513485,21.70796857,44.81075236,10.46456267,0,Tomato,Skip
54.15393901,23.98327239,44.99801372,11.19998031,0,Tomato,Skip
52.91080505,30.16330379,44.71700464,9.412034908,0,Tomato,Skip
45.42426981,31.66620522,42.09546628,4.016336084,3,Tomato,Water_Tomorrow
38.90352947,27.89448426,39.72320278,9.875014959,3,Tomato,Water_Today
45.07710434,20.07734491,34.69011473,9.990439006,3,Tomato,Water_Tomorrow
72.42382658,21.01713482,76.40342521,4.922353323,1,Tomato,Skip
46.36970541,29.84090938,31.66661997,6.764101921,0,Tomato,Water_Tomorrow
47.33561335,27.60842793,58.55969733,8.284343437,4,Tomato,Water_Tomorrow
37.64690357,28.85525122,28.89920241,9.209392487,3,Tomato,Water_Today
63.27070134,27.24136857,69.11243568,5.441746382,2,Tomato,Skip
58.61967214,20.68561088,63.67451728,10.55856444,2,Tomato,Skip
41.16232251,17.10998151,32.13635548,10.73482796,4,Tomato,Water_Today
47.50178415,28.19939337,44.89682589,5.761487521,3,Tomato,Water_Tomorrow
40.90557348,25.79759963,36.69039507,11.12047934,2,Tomato,Water_Today
45.21332807,15.26030562,38.60303288,11.2824381,3,Tomato,Water_Tomorrow
34.22330073,33.91200957,22.66361001,10.21812163,1,Tomato,Water_Today
46.39645582,28.48731074,39.86074376,5.552408994,2,Tomato,Water_Tomorrow
45.8738248,20.9304085,30.88462112,8.13618641,2,Tomato,Water_Tomorrow
55.41690197,29.56592023,74.05404629,6.177509817,4,Tomato,Skip
45.71985455,25.26878743,41.55784664,8.785958421,2,Tomato,Water_Tomorrow
70.38740859,19.71216453,76.37503062,9.784730131,0,Tomato,Skip
49.54041554,33.0550069,60.9465387,5.174578292,4,Tomato,Water_Tomorrow
57.66372383,15.79611367,45.13164587,5.201210077,2,Tomato,Skip
44.7430791,21.02906969,32.71251131,11.09136892,1,Tomato,Water_Today
42.77976188,17.88532335,41.60408705,11.79021971,3,Tomato,Water_Today
44.78672287,31.27857321,39.67500989,8.418500063,2,Tomato,Water_Today
58.91833607,19.81206559,76.3267232,9.873063306,3,Tomato,Skip
44.48450756,20.73853,28.50306146,9.510883487,1,Tomato,Water_Today
56.464111,23.50481121,64.96351602,7.005886485,3,Tomato,Skip
62.31602779,20.14851894,51.88368486,8.681613243,0,Tomato,Skip
40.17209688,23.78060319,48.55486898,11.56954371,4,Tomato,Water_Today
46.69404134,24.24877021,37.83269764,4.408395743,4,Tomato,Water_Tomorrow
55.92960341,20.86841243,74.59489549,11.77752385,3,Tomato,Skip
57.98268433,26.68231788,76.68197688,7.793465169,4,Tomato,Skip
50.52600104,16.93241959,49.8703635,8.176521556,4,Tomato,Skip
55.51408407,23.42232504,65.32015083,5.232290104,4,Tomato,Skip
60.72264048,33.39267789,62.4997045,7.391523955,0,Tomato,Skip
60.29914932,23.82339456,79.91412462,7.546170471,3,Tomato,Skip
69.7466754,15.81875411,76.46166235,4.835454767,2,Tomato,Skip
55.10815096,19.01245821,61.17174509,7.673238399,3,Tomato,Skip
53.37628844,27.06408238,77.30481923,9.398703363,4,Tomato,Skip
51.67401898,20.45259979,60.56321659,11.90878017,2,Tomato,Skip
57.81884379,21.30914925,69.25492405,8.548376809,3,Tomato,Skip
60.90623058,22.56495646,75.35231416,11.23345143,2,Tomato,Skip
38.40586365,23.59825169,31.79058668,11.11750104,3,Tomato,Water_Today
64.41563116,22.95201088,59.10065269,6.88568719,0,Tomato,Skip
61.19974346,23.81668443,68.92931581,6.371951777,2,Tomato,Skip
59.70418811,21.73348945,66.4015074,10.51187091,1,Tomato,Skip
32.50757939,21.69899308,24.73812911,10.23150136,4,Tomato,Water_Today
33.68925939,29.69054755,26.32620205,8.863326779,3,Tomato,Water_Today
56.59446031,22.70052782,76.2700152,10.66062973,3,Tomato,Skip
39.09994792,24.50693003,37.94807895,9.14727988,4,Tomato,Water_Today
45.54537232,33.42054001,63.01477394,8.861033925,4,Tomato,Water_Tomorrow
61.8787353,20.15246351,71.59653907,4.012903936,4,Tomato,Skip
58.87144795,31.40380776,60.39424472,5.525530129,0,Tomato,Skip
53.75868635,32.00690659,70.26952078,7.50073145,3,Tomato,Skip
60.31871481,33.45620473,77.40293057,10.82793752,0,Tomato,Skip
56.09142997,16.44925904,46.5185837,9.463300631,1,Tomato,Skip
52.49824616,16.97858674,30.31149096,5.470444417,2,Tomato,Skip
45.91576326,25.0904228,58.76180132,11.47636551,4,Tomato,Water_Tomorrow
56.10271238,23.4866302,54.04149075,10.6248995,1,Tomato,Skip
48.01554562,27.17222543,59.64562786,7.54699629,4,Tomato,Water_Tomorrow
39.43106597,31.83307208,26.42270537,4.562260834,3,Tomato,Water_Today
42.79863227,22.16685417,29.14947321,6.734705629,3,Tomato,Water_Today
53.42641517,19.55260353,50.66771769,6.027406953,4,Tomato,Skip
62.60182666,18.08986002,51.88693143,7.358708172,0,Tomato,Skip
37.92958209,30.43654241,29.34021556,5.649691624,3,Tomato,Water_Today
36.92213619,31.7488197,21.73013351,10.16584459,1,Tomato,Water_Today
49.28003583,20.77577507,31.39194382,7.356965554,2,Tomato,Water_Tomorrow
46.2337001,29.62810594,37.59866279,10.13422139,1,Tomato,Water_Tomorrow
61.65254278,27.37544687,65.56772226,10.12446089,0,Tomato,Skip
66.22267643,27.41615276,74.18136405,6.917337138,0,Tomato,Skip
50.22912822,26.37274176,76.87428386,10.86414387,4,Tomato,Skip
48.13280457,15.5725526,25.5602703,6.63547835,2,Tomato,Water_Tomorrow
47.24455614,27.06881521,37.23644239,10.85549404,1,Tomato,Water_Tomorrow
46.53302891,20.12088119,29.46035233,11.02910232,0,Tomato,Water_Tomorrow
49.19820904,21.57835935,44.87202837,7.500041759,3,Tomato,Water_Tomorrow
47.40348212,31.79030063,46.1884968,6.178413097,2,Tomato,Water_Tomorrow
53.55088215,19.35470634,40.64751733,6.311208443,2,Tomato,Skip
53.92625126,28.65737443,58.81075075,6.607522492,2,Tomato,Skip
65.75695744,26.42714811,65.97220338,5.218231674,0,Tomato,Skip
58.16891968,15.19596276,44.5416649,10.06388393,1,Tomato,Skip
44.90780805,25.01490065,24.66276465,5.005077079,2,Tomato,Water_Today
41.03588296,19.59807324,28.45648104,7.46010492,4,Tomato,Water_Today
51.38003005,27.67405281,43.16110847,7.002280365,1,Tomato,Skip
57.23544658,26.76057551,68.51994146,10.20044292,1,Tomato,Skip
58.49982022,28.74360085,66.91075241,10.16331762,1,Tomato,Skip
61.96230698,21.50300242,72.93313294,8.985337407,2,Tomato,Skip
39.21529538,17.32495046,27.46173005,11.19494779,4,Tomato,Water_Today
63.88687406,25.81019441,79.5633638,7.742455821,1,Tomato,Skip
43.56606073,25.46442783,22.83897054,4.857386942,3,Tomato,Water_Today
50.95358986,29.56812936,42.2739285,4.934210832,1,Tomato,Skip
51.62914937,16.41038682,42.96175996,10.93052639,2,Tomato,Skip
45.65325335,21.14015482,46.51855601,7.379856108,4,Tomato,Water_Tomorrow
58.55967394,29.75079921,62.57481369,4.721861522,1,Tomato,Skip
41.58732944,33.14637908,25.33868004,5.742798964,2,Tomato,Water_Today
67.84222098,15.80606644,77.51446147,11.94759214,1,Tomato,Skip
53.38429975,23.65982514,45.64007126,5.894098763,2,Tomato,Skip
47.69643671,32.02479892,41.5102954,7.312661384,1,Tomato,Water_Tomorrow
38.59337846,29.10544819,35.61396748,8.453386232,3,Tomato,Water_Today
48.37729245,16.64346272,51.285961,11.70127093,4,Tomato,Water_Tomorrow
54.9465255,16.74595453,42.36727018,9.856397242,1,Tomato,Skip
70.24668554,17.54785946,78.01177136,9.664338673,0,Tomato,Skip
69.63074016,17.64559614,69.47817715,6.919702487,1,Tomato,Skip
54.44326622,34.96240701,65.48176507,7.225495438,2,Tomato,Skip
47.4177862,20.3128971,22.84216388,5.324966549,1,Tomato,Water_Tomorrow
45.2092583,32.00075316,26.95531553,8.282713968,0,Tomato,Water_Tomorrow
63.74226484,24.24586603,79.21680575,10.22057082,1,Tomato,Skip
44.35748513,25.61417705,28.59822093,11.19598386,0,Tomato,Water_Today
67.935223,19.76261307,70.28235252,7.696573015,0,Tomato,Skip
47.03455988,28.36334131,61.70899634,10.0235841,4,Tomato,Water_Tomorrow
46.61257272,28.22153462,45.63333706,9.553993392,2,Tomato,Water_Tomorrow
54.52818637,25.92344771,44.04146563,9.269696054,0,Tomato,Skip
70.03680323,20.80241959,67.81341185,4.100143744,0,Tomato,Skip
49.39078786,32.51633654,53.21080876,9.525007052,1,Tomato,Water_Tomorrow
47.54997478,22.82131505,49.58739432,10.14725715,3,Tomato,Water_Tomorrow
68.84362612,19.16749412,70.5026155,5.945050018,1,Tomato,Skip
64.07808522,27.88486806,64.4243831,7.348222645,0,Tomato,Skip
37.6092952,26.51051225,21.43898824,10.37881425,1,Tomato,Water_Today
36.14335502,21.37579493,20.73559229,10.9065162,2,Tomato,Water_Today
52.3118386,16.23242125,56.95736368,11.07208957,4,Tomato,Skip
40.35563871,24.27940439,20.02563743,6.519945707,2,Tomato,Water_Today
47.93352749,26.20285451,55.60843873,9.715065976,3,Tomato,Water_Tomorrow
45.37143831,31.27084204,38.33740689,8.719210933,1,Tomato,Water_Tomorrow
49.57894482,27.18633388,52.41434405,10.34165849,1,Tomato,Water_Tomorrow
55.04201544,21.10407421,74.48449415,10.64409962,4,Tomato,Skip
48.4961207,22.33264879,35.68136309,9.080866149,2,Tomato,Water_Tomorrow
52.01689336,16.08139832,44.9076237,6.88924264,3,Tomato,Skip
55.42691694,15.8758251,51.80092207,8.733303339,2,Tomato,Skip
60.49640087,27.50700261,57.74711225,7.328809282,0,Tomato,Skip
63.96033236,26.36247675,71.75950409,6.654865492,1,Tomato,Skip
52.27418582,15.50962855,26.13158511,10.6350329,0,Tomato,Skip
60.61903639,19.75071833,56.40347051,6.555414226,1,Tomato,Skip
50.81757472,25.93239101,50.93473821,6.891510181,2,Tomato,Skip
56.76256798,28.08195846,51.16294888,6.246130831,0,Tomato,Skip
50.43323573,21.91529195,49.65049971,10.64765696,2,Tomato,Skip
42.62269628,25.77759606,27.64439061,4.315286324,4,Tomato,Water_Today
42.16708766,30.99870907,31.58984309,10.23748244,0,Tomato,Water_Today
53.27246609,18.17508182,48.10481828,6.402517348,3,Tomato,Skip
57.14665844,23.86149711,56.96228086,5.576959613,2,Tomato,Skip
35.58818837,30.90679335,39.74774426,11.68201461,4,Tomato,Water_Today
42.39564149,34.63193273,44.04401221,6.932372288,2,Tomato,Water_Today
46.91342938,18.49617506,50.90229259,11.2109223,4,Tomato,Water_Tomorrow
44.10734081,22.59148833,21.63516873,4.52682549,3,Tomato,Water_Today
62.09788398,19.60460479,59.3141343,7.392113325,1,Tomato,Skip
68.63304067,15.44991993,68.47442024,4.84307871,2,Tomato,Skip
53.18262286,27.75570332,30.18601841,5.192034218,0,Tomato,Skip
46.84980297,18.02448291,42.83706818,6.321878931,4,Tomato,Water_Tomorrow
67.21785974,21.32282673,78.4935653,9.527710609,0,Tomato,Skip
36.18098278,31.9656175,24.19807553,9.83337172,2,Tomato,Water_Today
33.35670806,33.92413209,41.63452367,11.46302653,3,Tomato,Water_Today
65.71275446,18.80168518,61.19066095,6.727011085,0,Tomato,Skip
47.21777257,25.77165902,54.52872918,11.65280537,3,Tomato,Water_Tomorrow
52.37685762,22.13830624,63.45669225,10.53753373,3,Tomato,Skip
42.94229191,28.21815545,30.05681858,4.577324231,3,Tomato,Water_Today
52.13632095,20.58647888,53.13714879,5.182737739,4,Tomato,Skip
49.77060573,19.79171051,28.51632514,9.535434665,1,Tomato,Water_Tomorrow
58.58974483,27.45788534,72.4989755,7.735238619,3,Tomato,Skip
66.65409022,15.28993003,54.26012281,5.783767702,1,Tomato,Skip
50.87404416,30.88349265,47.05868722,11.06548335,0,Tomato,Skip
42.57670211,34.06275268,21.6622303,4.970573307,0,Tomato,Water_Today
56.59421183,15.71833482,43.61347349,8.414758859,2,Tomato,Skip
60.03334912,31.59308165,66.79602137,6.960242496,0,Tomato,Skip
48.12620657,24.49578009,62.59877966,8.43699018,4,Tomato,Water_Tomorrow
61.75242785,20.55228913,57.93027328,8.45465146,1,Tomato,Skip
60.87341157,22.44721524,49.00699251,4.699072573,1,Tomato,Skip
47.62693356,22.10302375,38.75729371,11.33287884,1,Tomato,Water_Tomorrow
52.85508417,17.12175184,51.77355078,5.253140299,4,Tomato,Skip
47.45521652,27.6258038,44.48750876,6.661200593,2,Tomato,Water_Tomorrow
48.98123994,29.97479989,59.11798556,6.043698433,4,Tomato,Water_Tomorrow
58.06078597,22.28597917,79.86920323,10.45410738,3,Tomato,Skip
51.40920857,20.55476328,38.56369328,4.58053478,3,Tomato,Skip
39.70504867,20.42319244,33.28938691,8.578988742,4,Tomato,Water_Today
67.00058174,24.13018236,69.56076687,4.358141239,1,Tomato,Skip
45.45669266,33.09276117,28.89604816,7.272802088,0,Tomato,Water_Tomorrow
46.26053516,30.3935266,60.47493648,10.31359324,3,Tomato,Water_Tomorrow
69.97318471,23.98499132,64.65920927,5.073846094,0,Tomato,Skip
47.12104471,33.62769137,54.81124104,7.189295308,2,Tomato,Water_Tomorrow
60.01146424,23.49842888,64.3055582,5.394560169,3,Tomato,Skip
40.63285125,29.45854188,42.49220797,10.90045681,3,Tomato,Water_Today
48.0675179,17.67433714,20.71639419,4.168413526,2,Mint,Skip
45.17586369,31.91688075,20.47298634,5.467454391,0,Mint,Water_Tomorrow
45.70934348,21.23977185,28.13900242,5.180091448,3,Mint,Water_Tomorrow
42.39438822,21.06051765,38.66154197,11.98551273,3,Mint,Water_Tomorrow
38.24148136,29.72423247,27.2341345,4.567788238,3,Mint,Water_Today
46.09227486,29.38338582,26.79878193,4.209945113,2,Mint,Water_Tomorrow
48.53461563,29.17323252,20.38135462,4.477704543,0,Mint,Skip
45.83723912,28.38858491,41.29716168,8.286713098,1,Mint,Water_Tomorrow
48.78205392,24.94822676,51.64295776,4.579546165,2,Mint,Skip
46.87286714,33.10561358,38.00418057,8.588614695,0,Mint,Water_Tomorrow
52.43031534,29.65500454,42.80698125,5.682634736,0,Mint,Skip
50.22969276,22.61054102,31.77630087,4.290463142,1,Mint,Skip
40.91942079,21.6523529,29.75801203,10.09133854,2,Mint,Water_Today
54.8607349,17.0174067,36.59734611,8.984539259,0,Mint,Skip
41.73358775,23.50022087,26.53635443,10.01735903,2,Mint,Water_Tomorrow
33.56301502,30.88695007,20.66725744,10.95020436,3,Mint,Water_Today
46.07781995,21.07590527,64.20727183,9.752136237,3,Mint,Water_Tomorrow
54.76484918,27.56467497,78.77517183,10.72327022,1,Mint,Skip
46.97293684,29.89716429,53.69507015,10.86586046,1,Mint,Water_Tomorrow
45.1467419,34.26907337,63.42637732,7.595544961,3,Mint,Water_Tomorrow
47.46875355,25.67475157,55.96587565,5.881671654,2,Mint,Water_Tomorrow
49.03342621,15.52893848,45.55034299,8.182508447,2,Mint,Skip
47.08765696,24.0163887,65.31073478,6.754419269,3,Mint,Water_Tomorrow
39.54370993,28.36084086,35.32025884,6.444090024,3,Mint,Water_Today
53.70835638,31.08261765,50.72057743,6.817297216,0,Mint,Skip
53.36959841,19.59317647,40.35922908,11.05401836,0,Mint,Skip
48.01529249,18.49597151,20.07464511,8.125735359,1,Mint,Skip
45.49175046,19.13714557,32.24445536,8.435360729,3,Mint,Water_Tomorrow
48.31797064,31.92591438,71.6427885,8.593368794,2,Mint,Skip
60.11456159,32.48380089,79.41391803,4.217151135,0,Mint,Skip
50.7642695,17.43665446,38.90791002,6.380156056,2,Mint,Skip
48.27356097,18.13153421,48.58463782,11.86637655,2,Mint,Skip
44.78649905,24.31662862,45.50159488,8.908027081,3,Mint,Water_Tomorrow
36.18233741,33.96267558,41.4488396,11.91825103,3,Mint,Water_Today
55.45975513,15.94119321,29.3600269,5.655476428,0,Mint,Skip
47.0578148,21.30873409,24.5507139,11.55217244,0,Mint,Water_Tomorrow
56.67672595,23.03240611,37.37840762,4.611507805,0,Mint,Skip
55.75979059,29.65568728,77.25671214,10.50166664,0,Mint,Skip
57.71924763,31.72519051,76.45229848,7.544866492,0,Mint,Skip
38.10375835,27.24641133,26.53581471,8.944047348,3,Mint,Water_Today
46.87846489,26.92438335,33.0116783,7.987071705,0,Mint,Water_Tomorrow
50.08870743,18.9817704,65.34247493,10.73514949,2,Mint,Skip
45.02290827,15.88780727,23.81030065,9.885638263,2,Mint,Water_Tomorrow
45.26357977,19.95423879,34.90126845,10.18874356,2,Mint,Water_Tomorrow
46.72862956,27.26444474,75.36401378,9.88543257,3,Mint,Water_Tomorrow
41.71245809,29.02653147,39.30410677,10.97447196,2,Mint,Water_Tomorrow
43.66815433,23.37096383,31.65854463,11.79591877,1,Mint,Water_Tomorrow
52.55176455,23.68484222,69.4989676,6.511237722,3,Mint,Skip
50.61313094,20.12603014,57.14515894,11.70937086,1,Mint,Skip
50.57107798,33.62289454,47.98584639,4.323803254,1,Mint,Skip
44.65909758,17.6872965,34.33910394,9.690150784,2,Mint,Water_Tomorrow
50.04622805,19.02420906,37.05419185,11.70192444,0,Mint,Skip
45.387785,17.6318238,43.45599459,10.20805504,3,Mint,Water_Tomorrow
45.54915717,33.35618652,58.04039276,4.160810987,3,Mint,Water_Tomorrow
46.76135802,23.96859928,23.86821767,8.012483621,1,Mint,Water_Tomorrow
56.68752792,18.79206872,23.53136288,4.050447219,0,Mint,Skip
48.48690127,24.78214989,38.43181192,10.50020003,0,Mint,Skip
49.74922557,31.24859891,62.51506704,5.824881366,1,Mint,Skip
45.82021726,33.48670085,66.09808607,7.375276579,3,Mint,Water_Tomorrow
45.50074559,32.01619181,25.31426132,5.927347171,1,Mint,Water_Tomorrow
55.77465992,24.54609862,49.91523539,7.59311696,0,Mint,Skip
57.24894884,18.45150426,76.75620605,8.58519813,1,Mint,Skip
57.54570778,29.31897948,71.6128561,7.921532954,0,Mint,Skip
44.82437771,19.11983767,33.64274233,6.547381117,3,Mint,Water_Tomorrow
52.74479315,15.43925519,59.48258601,8.748498949,2,Mint,Skip
60.91616671,17.68991677,62.66948721,6.280982351,0,Mint,Skip
50.85608906,23.63547241,39.80836627,5.275283833,1,Mint,Skip
52.06166227,29.43567616,62.16761217,9.909663147,0,Mint,Skip
40.25396976,33.72834461,28.78336399,4.781382399,3,Mint,Water_Today
49.22347981,27.19170684,63.15657187,11.40248548,1,Mint,Skip
55.9650389,18.94564406,46.56777245,6.770480585,1,Mint,Skip
35.53021222,30.33244166,23.8869524,10.75681682,3,Mint,Water_Today
58.8300262,24.25726225,74.65494363,6.75946846,1,Mint,Skip
47.17932988,22.22240862,31.31103261,6.88953571,1,Mint,Water_Tomorrow
45.26706609,34.90967084,37.92755039,7.306998336,0,Mint,Water_Tomorrow
46.57304725,34.14399287,73.53583543,10.59973779,2,Mint,Water_Tomorrow
46.51167189,28.90460389,38.2461597,6.014847986,2,Mint,Water_Tomorrow
52.50513567,27.81394535,57.96494814,10.45599554,0,Mint,Skip
50.27041331,17.94693862,20.07905122,4.10659259,1,Mint,Skip
47.82717474,16.78565145,37.80092264,8.197420153,2,Mint,Water_Tomorrow
44.21579698,33.42679641,50.74004388,11.07035542,1,Mint,Water_Tomorrow
53.59474221,21.3630898,34.08903287,4.218897898,0,Mint,Skip
47.95025565,23.8283876,45.09928465,8.308306394,1,Mint,Water_Tomorrow
53.15591812,21.12946381,66.71013783,5.686881408,2,Mint,Skip
50.79188671,20.03256763,24.82914264,7.405694742,1,Mint,Skip
46.805484,27.02908688,28.60193141,4.400811596,2,Mint,Water_Tomorrow
53.83143893,17.72011842,45.51939072,5.624148002,2,Mint,Skip
48.75000699,21.97465441,37.63028837,6.454975261,1,Mint,Skip
52.71093666,21.62949784,68.49992019,5.212847412,2,Mint,Skip
34.68102955,33.58752612,28.13641733,8.219285505,3,Mint,Water_Today
50.24598884,21.5066653,48.89511696,8.138996794,1,Mint,Skip
53.3964093,29.41117244,76.15657642,7.051550634,2,Mint,Skip
48.81538679,26.81920924,43.69940401,8.729033445,0,Mint,Skip
56.44708104,15.13403109,57.94197577,10.22757864,1,Mint,Skip
53.61918998,21.62101371,49.53008068,5.569000767,1,Mint,Skip
53.11047752,16.72835563,72.5566952,10.50706932,2,Mint,Skip
48.18008882,26.11347655,68.38683995,10.4537499,2,Mint,Skip
50.3520221,32.16747088,66.99718244,5.890681393,1,Mint,Skip
50.63064622,24.62366119,79.95917641,5.715106669,3,Mint,Skip
58.23321184,18.69179121,63.06978561,10.82357176,0,Mint,Skip
57.56045519,18.1488859,73.34560175,7.563412183,1,Mint,Skip
41.93856727,34.3556485,59.91433253,9.475568363,3,Mint,Water_Tomorrow
45.37486107,31.8776073,23.90943972,4.716211945,1,Mint,Water_Tomorrow
50.85014687,26.37228556,33.66839521,4.651856424,1,Mint,Skip
39.12962008,31.05337826,26.58353549,5.983358805,3,Mint,Water_Today
50.53742071,17.53341179,69.60445807,10.61511468,2,Mint,Skip
47.10048564,29.547123,58.18552752,5.471168153,2,Mint,Water_Tomorrow
43.83765031,25.05131048,36.01669397,9.883182674,2,Mint,Water_Tomorrow
33.03981511,33.08858531,21.97922763,11.45848628,3,Mint,Water_Today
51.97670015,18.96446746,34.26697105,7.508315674,0,Mint,Skip
51.98050924,24.10649136,64.40571068,8.109718631,1,Mint,Skip
42.48765912,30.7473556,33.03448086,4.68211361,2,Mint,Water_Tomorrow
51.35243481,28.96842909,50.58827304,9.605216925,0,Mint,Skip
47.64999689,29.82169803,58.35586012,5.975233893,2,Mint,Water_Tomorrow
45.59506669,28.95539963,54.44123403,8.469829461,2,Mint,Water_Tomorrow
52.132015,31.6507209,49.35388567,6.764245312,0,Mint,Skip
46.92788118,20.87373983,52.28320193,8.684904826,2,Mint,Water_Tomorrow
51.10710152,23.61330052,37.34635939,4.124515451,2,Mint,Skip
51.18068909,18.91152798,51.91228241,4.178699725,3,Mint,Skip
54.57147904,16.58930453,34.90576704,6.027775433,0,Mint,Skip
53.50744762,18.21983478,36.4593903,6.820702562,1,Mint,Skip
51.15188201,29.53351291,66.71832774,11.37625221,0,Mint,Skip
42.84877353,26.87170042,22.41996236,5.146302111,2,Mint,Water_Tomorrow
45.90091378,26.90331624,33.24815837,9.459369479,0,Mint,Water_Tomorrow
56.27749463,15.32502458,53.17705909,4.200997706,2,Mint,Skip
58.45398148,16.21532299,60.79068343,4.830340375,1,Mint,Skip
43.85304056,29.9385059,41.9542708,9.370578827,2,Mint,Water_Tomorrow
51.30826146,21.2615677,68.82365015,4.656332768,3,Mint,Skip
47.53965891,15.36230517,30.8522445,7.07329269,2,Mint,Water_Tomorrow
49.61619777,31.87933404,78.47925846,6.323649618,3,Mint,Skip
43.17771997,33.01006543,36.95565823,8.878418815,1,Mint,Water_Tomorrow
47.85933629,17.3575402,29.48699298,6.123173229,2,Mint,Water_Tomorrow
57.08043304,17.02796769,63.34254115,7.047426097,1,Mint,Skip
46.80070472,18.12242643,24.99350471,5.399530481,3,Mint,Water_Tomorrow
49.27283096,27.37911164,40.95706479,6.76776367,1,Mint,Skip
60.99401183,21.76129249,62.42834669,6.386043219,0,Mint,Skip
56.19057338,16.24856994,78.27241679,6.890418994,3,Mint,Skip
54.8622589,18.41629888,49.41628317,5.831136208,1,Mint,Skip
56.37169273,19.13082001,67.97003824,8.350973396,1,Mint,Skip
38.37111359,31.86864509,47.35209554,10.01670384,3,Mint,Water_Today
48.75968205,18.59119534,29.45738786,11.42708931,0,Mint,Skip
43.81240876,15.09397171,29.35239345,10.72982963,2,Mint,Water_Tomorrow
46.8640202,29.37901089,48.07671316,10.26269296,0,Mint,Water_Tomorrow
35.27131466,32.58590627,30.71767819,9.289106046,3,Mint,Water_Today
54.73279507,19.32960391,78.14353422,10.19603853,2,Mint,Skip
54.75631537,23.10981303,70.88124812,6.721108416,2,Mint,Skip
47.51015046,23.70445296,36.03578524,11.95593436,1,Mint,Water_Tomorrow
60.01764088,22.30923808,71.3433391,5.189627924,0,Mint,Skip
52.08820255,20.74353373,65.56073332,9.445384847,2,Mint,Skip
46.51236445,18.8845054,36.43256623,7.347887343,3,Mint,Water_Tomorrow
51.72314193,21.44647499,28.37788602,7.588659191,0,Mint,Skip
36.55905972,23.76964479,34.40980382,11.88584201,3,Mint,Water_Today
39.03564234,34.80745798,49.78639199,11.22742151,3,Mint,Water_Today
56.71192068,15.21008747,35.80777085,5.53998616,0,Mint,Skip
51.93036854,23.4567039,53.69452172,8.961808997,1,Mint,Skip
43.80963512,16.24136069,31.71104191,10.56172023,3,Mint,Water_Tomorrow
37.26948141,28.45856072,27.12933078,8.306623485,3,Mint,Water_Today
34.43240266,25.03045886,20.48393436,11.04445856,3,Mint,Water_Today
45.72540103,21.39719334,25.66692879,11.617653,1,Mint,Water_Tomorrow
54.6568647,29.20007068,76.53416419,10.18557876,0,Mint,Skip
60.50081198,15.12959606,46.60860678,7.214671619,0,Mint,Skip
56.20651656,23.30819817,60.51046329,10.69813912,0,Mint,Skip
41.89239346,19.59782868,28.99131025,9.84185854,3,Mint,Water_Tomorrow
55.31200469,32.91940829,66.80987337,7.941258415,0,Mint,Skip
40.23086255,32.85543123,25.61488609,9.507002344,1,Mint,Water_Today
51.42611924,28.62770533,56.97626892,8.58796706,0,Mint,Skip
48.89740651,22.05193605,58.18085281,5.915459281,3,Mint,Skip
47.56903191,29.00559713,60.24771466,10.75935601,1,Mint,Water_Tomorrow
44.5149414,24.25297867,37.60476359,9.840759401,2,Mint,Water_Tomorrow
47.31248854,16.66293446,34.24084149,8.5220513,2,Mint,Water_Tomorrow
52.53443385,17.91302138,36.57986578,5.652685404,2,Mint,Skip
45.06599307,30.98038466,25.27774861,5.301183271,1,Mint,Water_Tomorrow
61.14930485,17.68756509,74.80194301,11.74943774,0,Mint,Skip
47.57427745,15.05332071,20.96252016,5.908534792,2,Mint,Water_Tomorrow
56.45185295,15.72003368,47.26803272,11.03460343,0,Mint,Skip
49.83183807,18.61282786,66.95495798,11.64314149,3,Mint,Skip
49.25352247,19.29506403,41.80937707,8.525296587,1,Mint,Skip
44.90592131,17.4157852,39.14849608,10.56212206,2,Mint,Water_Tomorrow
54.4594701,24.70056444,56.92056879,6.653827276,0,Mint,Skip
54.30040001,24.36161711,61.49417101,7.161312632,1,Mint,Skip
43.89114866,30.5576707,53.16485898,11.16973921,2,Mint,Water_Tomorrow
50.01281622,15.65456341,49.43674843,9.59973951,3,Mint,Skip
56.69155678,19.47846224,64.60113025,9.269316316,1,Mint,Skip
49.24704722,26.42288308,72.91220779,5.747462416,3,Mint,Skip
60.4604686,17.6012715,74.75740045,9.194695284,1,Mint,Skip
55.24760833,30.33132683,66.40097714,7.553325838,0,Mint,Skip
50.08047659,34.3055974,43.87614491,5.011627403,0,Mint,Skip
48.61304233,29.41310287,47.13390361,9.328705992,1,Mint,Skip
45.31302145,20.85231452,45.68653524,9.77166255,2,Mint,Water_Tomorrow
45.25527092,29.66684727,67.84440989,6.821391967,3,Mint,Water_Tomorrow
41.02809182,31.26028153,31.73100492,5.922014835,2,Mint,Water_Tomorrow
42.97302842,28.29356711,38.46033738,6.750799629,2,Mint,Water_Tomorrow
47.654606,30.2475539,39.22970226,8.35577578,0,Mint,Water_Tomorrow
54.33367166,24.60207865,62.63894933,8.007510952,1,Mint,Skip
46.87093832,30.77108527,39.19263992,7.557931709,1,Mint,Water_Tomorrow
52.39488973,21.2557298,56.40868057,8.451130126,2,Mint,Skip
56.2052431,22.32883918,53.78554521,5.286558562,0,Mint,Skip
44.28271425,21.87088219,25.08133004,6.144034438,2,Mint,Water_Tomorrow
47.98957677,17.96182444,38.44348072,6.679284461,2,Mint,Water_Tomorrow
54.50479776,27.74772084,76.55769855,10.48484297,1,Mint,Skip
48.43420071,17.44578351,37.01424633,9.495540908,1,Mint,Skip
49.77510717,29.35752296,49.71484391,8.126889674,1,Mint,Skip
46.01592894,19.07668323,56.19870249,10.74264645,3,Mint,Water_Tomorrow
51.02810933,26.46270247,48.0089301,4.198449953,2,Mint,Skip
50.4130706,31.10337359,50.08305957,6.523051054,1,Mint,Skip
38.18960244,30.55673679,24.37023094,10.70826493,2,Mint,Water_Today
48.42477092,34.4276697,29.95631997,4.797459737,0,Mint,Skip
45.50777955,24.37779514,41.09682293,11.25731638,2,Mint,Water_Tomorrow
50.32823628,20.70322975,56.45161819,7.158646408,2,Mint,Skip
58.23311326,20.21648126,61.18683867,5.491015342,0,Mint,Skip
49.15089664,23.80932781,58.81251138,11.50264801,2,Mint,Skip
46.13045983,18.18142127,26.79134719,7.120660978,3,Mint,Water_Tomorrow
50.93465574,15.27192629,53.35029703,7.44408022,3,Mint,Skip
42.30001969,33.42021847,35.89076117,4.579514877,2,Mint,Water_Tomorrow
51.45540069,20.80462674,38.81975154,11.31676335,0,Mint,Skip
48.25593021,19.35369098,45.73578612,9.300221361,2,Mint,Skip
53.21518972,24.11690098,49.29814604,11.52235216,0,Mint,Skip
47.86004441,20.47211132,27.08827189,4.803805074,2,Mint,Water_Tomorrow
47.75521871,19.27095236,53.97217075,9.239390641,2,Mint,Water_Tomorrow
56.66838232,31.93459175,74.68275523,8.646839713,0,Mint,Skip
48.38894543,18.71871043,29.36069635,6.052735309,2,Mint,Skip
59.16142072,17.82902382,58.58891343,5.693381526,0,Mint,Skip
51.84308486,29.12198596,47.68842858,6.27215371,0,Mint,Skip
49.18497768,24.2512486,42.66391411,7.831958378,1,Mint,Skip
36.07867236,31.59068111,29.0871676,8.361591648,3,Mint,Water_Today
48.27282424,23.0520827,22.9572519,7.520013138,0,Mint,Skip
43.00795619,34.99905138,33.60045736,9.904617084,0,Mint,Water_Tomorrow
56.9993837,18.51835172,59.9622989,8.326087037,0,Mint,Skip
45.10527982,21.08335974,26.87106447,5.806352144,2,Mint,Water_Tomorrow
51.45518798,24.94810415,64.36095488,5.578673755,3,Mint,Skip
40.66720642,34.97086848,66.97664142,11.87142678,2,Mint,Water_Today
56.89894072,15.36461969,70.5892324,11.34975397,1,Mint,Skip
42.02605043,22.15972703,37.05533305,11.60787931,3,Mint,Water_Tomorrow
53.09101847,15.91636712,57.50268312,6.474197837,3,Mint,Skip
51.11130221,23.57176261,25.40023083,5.68345375,0,Mint,Skip
48.40829738,26.61956859,51.78205957,7.439747791,2,Mint,Skip
50.33583406,21.33419447,38.79153744,4.521820441,1,Mint,Skip
55.92213317,28.57555886,68.08875158,5.536804412,0,Mint,Skip
41.80918222,19.33438072,44.35670457,11.89441567,3,Mint,Water_Tomorrow
54.18726985,21.05389942,37.34859101,6.814750561,0,Mint,Skip
49.41629227,26.40112381,49.05892681,11.35157746,0,Mint,Skip
51.20120431,15.65792427,67.43790577,11.73985402,3,Mint,Skip
52.92374992,25.66772201,68.07759904,9.478746913,1,Mint,Skip
56.81036369,27.06668903,69.20720198,7.645236734,0,Mint,Skip
51.32854825,23.44498039,71.53284221,10.21274302,2,Mint,Skip
49.54118677,27.18174834,40.45355006,5.128963046,1,Mint,Skip
37.64666885,29.01148729,33.11273932,6.926946326,3,Mint,Water_Today
45.28322082,20.13000085,35.62856792,7.026863133,3,Mint,Water_Tomorrow
49.79518403,29.59832036,59.21107887,9.933982093,1,Mint,Skip
46.31276926,29.1878839,69.4982962,7.054629763,3,Mint,Water_Tomorrow
26.52460138,32.94254492,40.80548088,5.986668879,2,Aloe,Skip
23.17220865,34.85675641,46.54698569,7.677166056,3,Aloe,Water_Tomorrow
18.35080777,29.62492061,57.01000833,11.17917326,10,Aloe,Water_Today
19.06649501,30.58471699,54.84055574,10.51096557,8,Aloe,Water_Today
24.54926312,19.63247743,77.37971122,7.704404841,7,Aloe,Water_Tomorrow
22.28512913,24.45551438,64.76305468,7.909544269,7,Aloe,Water_Tomorrow
28.8356597,25.77485807,39.24148308,8.075867237,0,Aloe,Skip
25.28888089,16.94441349,57.18930861,4.185113888,9,Aloe,Skip
28.24807876,19.32284229,45.10729105,9.922020718,1,Aloe,Skip
21.85013035,26.62204353,71.11902692,6.109240611,9,Aloe,Water_Today
22.38348927,21.7029841,61.77868448,9.332680706,8,Aloe,Water_Tomorrow
19.42846186,21.30465069,31.42401991,8.363397131,7,Aloe,Water_Today
23.29975596,30.0848713,43.03265004,4.974359429,5,Aloe,Water_Tomorrow
19.54028797,30.85475383,51.48767823,9.957180542,8,Aloe,Water_Today
26.33066101,27.29131176,46.41538245,11.57657114,0,Aloe,Skip
30.36144619,31.97093139,66.89800066,4.802621573,1,Aloe,Skip
34.28430707,19.84129821,78.61356356,4.191506854,0,Aloe,Skip
22.98044346,25.19269161,36.57963863,8.37494116,4,Aloe,Water_Tomorrow
28.54864906,22.65629879,62.82891216,10.70209279,1,Aloe,Skip
26.02011066,31.27086409,64.16769127,9.813763521,2,Aloe,Skip
23.40093651,16.13833157,49.98593641,8.545127798,8,Aloe,Water_Tomorrow
26.4456853,16.4079942,69.67802423,9.481004827,5,Aloe,Skip
30.07617409,17.54254169,55.05020879,4.515380699,3,Aloe,Skip
18.61279523,19.70290748,21.33545324,8.950367189,9,Aloe,Water_Today
22.08519396,32.0910325,42.60073203,8.675857773,4,Aloe,Water_Tomorrow
19.72765336,31.08869278,76.32893253,9.231314069,9,Aloe,Water_Today
33.8347082,17.78122936,70.94498921,8.301866253,0,Aloe,Skip
29.53555833,17.91989519,79.64641166,5.805446728,5,Aloe,Skip
19.00216008,21.18123841,62.31713331,11.81801222,9,Aloe,Water_Today
26.66808387,27.17779962,37.68301259,8.4460897,0,Aloe,Skip
26.30980413,33.75465485,52.69112076,6.9290624,2,Aloe,Skip
13.89751967,33.71549834,22.97627496,8.550439393,10,Aloe,Water_Today
21.34858084,28.20888889,58.52589533,7.946612736,9,Aloe,Water_Today
28.57345252,31.58283593,59.05060105,4.290001492,1,Aloe,Skip
25.35819408,16.78689378,73.02079618,7.441878267,7,Aloe,Skip
17.56799379,34.98623846,26.93705944,9.51093061,6,Aloe,Water_Today
24.87934263,20.16814333,75.61564816,7.28365909,7,Aloe,Water_Tomorrow
21.66461686,28.94397811,40.55514328,5.264943405,7,Aloe,Water_Today
24.18481613,21.56911522,55.57341104,6.084952474,6,Aloe,Water_Tomorrow
23.77053011,24.90372738,39.15355747,4.627028881,7,Aloe,Water_Tomorrow
26.65975378,25.58563597,74.57809713,6.344668606,5,Aloe,Skip
31.15856139,16.76899053,45.78549841,7.523327271,0,Aloe,Skip
24.68100177,33.65035124,44.75475655,6.90917866,3,Aloe,Water_Tomorrow
23.67697287,18.26801795,26.04527293,9.526876663,3,Aloe,Water_Tomorrow
20.26955912,25.67150317,32.18432244,11.69897693,6,Aloe,Water_Today
27.44738234,23.62826783,79.65853014,9.80910952,4,Aloe,Skip
26.73391403,31.38021672,57.51377322,11.73837528,0,Aloe,Skip
25.52876901,19.76558577,65.10045984,5.029114033,7,Aloe,Skip
18.46118208,30.94827662,43.23161198,5.919733896,10,Aloe,Water_Today
24.60682201,27.32694898,35.86984929,5.648101452,3,Aloe,Water_Tomorrow
31.96159491,24.35310511,62.8576953,5.878427058,0,Aloe,Skip
22.31403889,20.84959474,42.34959053,9.161376787,6,Aloe,Water_Tomorrow
29.31909263,15.450873,67.77469784,4.882874495,5,Aloe,Skip
25.61129375,31.57814331,52.32999358,8.762584777,1,Aloe,Skip
25.78641119,18.60730371,27.97311816,11.62988656,0,Aloe,Skip
24.09630116,33.0571592,45.4264829,4.390448226,6,Aloe,Water_Tomorrow
29.57603102,31.91267815,73.46591273,6.252383749,2,Aloe,Skip
26.11878713,31.85247951,47.11772742,4.1405611,2,Aloe,Skip
22.18503701,21.55823705,37.31350441,4.621331324,8,Aloe,Water_Tomorrow
22.70859108,26.58586906,52.01814987,11.09859938,6,Aloe,Water_Tomorrow
32.41399884,17.66668445,71.42610126,8.119494634,0,Aloe,Skip
29.83151789,30.84644714,68.2746321,8.26885913,1,Aloe,Skip
24.12725106,17.03408684,31.63176572,5.707367191,5,Aloe,Water_Tomorrow
21.91067862,24.28987373,20.05737345,7.16294923,6,Aloe,Water_Today
30.0617197,34.07673934,79.65333878,4.797582044,1,Aloe,Skip
25.53002824,33.14476178,71.65684109,7.854091198,3,Aloe,Skip
22.82278293,32.31240907,42.59677573,8.847719072,4,Aloe,Water_Tomorrow
30.88754449,25.55945833,79.10362016,5.550925858,3,Aloe,Skip
27.10016383,21.59681856,29.95253485,7.707005223,0,Aloe,Skip
23.46187108,24.93273578,28.8664379,10.03572015,3,Aloe,Water_Tomorrow
20.94527884,20.62675021,78.75052971,11.92076227,9,Aloe,Water_Today
25.86484057,16.16728039,40.86394009,5.586851179,6,Aloe,Skip
27.64458511,19.43200761,64.58881671,11.11430816,1,Aloe,Skip
18.66518661,32.96002584,79.97471093,10.51694733,10,Aloe,Water_Today
20.41639226,29.27114405,56.5480822,5.070464515,9,Aloe,Water_Today
27.9298472,29.74538128,65.80359815,9.502478344,2,Aloe,Skip
21.20726558,28.20236541,66.78563868,7.483029454,10,Aloe,Water_Today
25.85854976,19.32880682,44.97811689,11.15439077,1,Aloe,Skip
21.88700964,33.84802504,56.80684268,4.545954149,7,Aloe,Water_Today
26.29773949,27.10200311,23.71118115,4.084847089,1,Aloe,Skip
24.807018,31.60735677,42.90196074,8.538312162,3,Aloe,Water_Tomorrow
24.69048707,34.16625422,38.58476094,5.62115573,2,Aloe,Water_Tomorrow
30.85462928,15.66088829,37.28122927,7.469507889,0,Aloe,Skip
18.1159845,27.26980554,43.96851691,8.098324828,10,Aloe,Water_Today
22.15124924,29.93354174,62.96123342,11.14836561,6,Aloe,Water_Tomorrow
22.44500466,17.4751093,42.79149006,10.57962007,7,Aloe,Water_Tomorrow
28.4271831,20.79923744,49.47760427,6.483256598,2,Aloe,Skip
28.20549424,16.78493926,75.44152087,7.678022562,5,Aloe,Skip
30.22162689,23.83625857,54.96467756,4.570220563,0,Aloe,Skip
23.02425648,33.77854482,79.47879425,6.966049685,8,Aloe,Water_Tomorrow
18.57658165,32.26151546,43.03367429,10.4891922,7,Aloe,Water_Today
25.67441001,27.3940617,56.72448126,5.661856116,4,Aloe,Skip
21.02745765,31.02474274,38.21089238,7.315925046,5,Aloe,Water_Today
26.94246751,32.73920094,39.60613779,8.215009441,0,Aloe,Skip
21.06228071,24.49153377,48.08416216,10.97044637,7,Aloe,Water_Today
25.9986457,23.24299797,50.8900375,10.8935782,1,Aloe,Skip
24.91761042,15.1358207,55.22303936,10.28370942,5,Aloe,Water_Tomorrow
25.39249545,19.01418121,47.33835317,10.43748607,3,Aloe,Skip
22.73306645,23.05914813,27.43285932,6.520623792,5,Aloe,Water_Tomorrow
24.87839212,31.86076821,53.77890875,6.602852355,3,Aloe,Water_Tomorrow
19.51776935,34.39443513,48.76451933,6.699027377,9,Aloe,Water_Today
20.61479049,30.26579692,58.04048069,11.41624978,6,Aloe,Water_Today
18.74049471,22.15794576,47.44680003,11.17509103,9,Aloe,Water_Today
26.71865299,22.03179815,53.57399662,4.654720889,6,Aloe,Skip
15.80716814,32.15353061,39.2117676,11.83773423,9,Aloe,Water_Today
31.16162167,19.14362967,72.56453117,11.52614445,1,Aloe,Skip
28.50966875,29.61962539,43.3735379,8.48010352,0,Aloe,Skip
20.82288574,31.94150581,69.44864546,9.894500211,8,Aloe,Water_Today
25.90284413,23.11321519,47.23458372,10.07492401,1,Aloe,Skip
16.70063556,27.51582999,22.12037659,10.90865301,7,Aloe,Water_Today
18.44430487,32.54696229,27.88072631,10.00308769,6,Aloe,Water_Today
15.13087677,29.1682332,20.4038482,8.97608401,10,Aloe,Water_Today
26.34419774,22.94589087,52.50168809,4.700657722,5,Aloe,Skip
25.19250746,24.22014267,36.60440164,4.272993897,3,Aloe,Skip
21.4312745,23.32068699,58.94580928,4.980960588,9,Aloe,Water_Today
15.87844832,21.93676667,26.0990844,8.207394022,10,Aloe,Water_Today
18.68090404,23.16849966,40.43077222,9.360632673,9,Aloe,Water_Today
23.6513262,29.97159369,42.05879508,10.69260034,1,Aloe,Water_Tomorrow
24.93441872,20.66702908,48.43381921,10.15990312,4,Aloe,Water_Tomorrow
27.3877849,25.52439811,46.72597605,10.37343854,1,Aloe,Skip
18.54051869,34.68575866,40.09944811,5.785297667,10,Aloe,Water_Today
31.91855967,19.30758931,65.42163515,10.42200955,0,Aloe,Skip
24.79511908,32.95810449,75.60314355,11.52489491,4,Aloe,Water_Tomorrow
22.57135523,24.00328091,36.54825209,6.80302852,7,Aloe,Water_Tomorrow
25.56317658,17.06153452,70.23935626,6.918305756,9,Aloe,Skip
28.15491567,22.85415336,36.6667799,9.375168193,0,Aloe,Skip
25.58554758,32.67770199,40.61135538,4.48690697,4,Aloe,Skip
21.23189756,20.47328867,44.27194463,7.183088837,8,Aloe,Water_Today
23.81122131,17.64920692,50.28142336,6.627308063,6,Aloe,Water_Tomorrow
17.50777372,33.59179824,43.64709988,10.58139019,7,Aloe,Water_Today
23.08405105,34.00787317,23.15017864,4.820876849,4,Aloe,Water_Tomorrow
31.64295433,24.77211582,75.94798914,7.689803123,1,Aloe,Skip
27.41289952,22.09141545,62.1165851,4.409392629,6,Aloe,Skip
21.48549165,22.19341966,52.29136543,9.269250845,7,Aloe,Water_Today
23.15457026,22.17799991,23.45143621,4.618734859,6,Aloe,Water_Tomorrow
15.69311627,26.24813579,29.74832632,9.89780634,10,Aloe,Water_Today
20.17716011,29.25670632,48.06681483,11.45752507,6,Aloe,Water_Today
27.9246667,18.42117223,56.86915481,4.294707288,5,Aloe,Skip
22.69302212,21.47887646,33.57532499,5.485396505,8,Aloe,Water_Tomorrow
27.8975298,23.3309338,56.08673241,6.502175878,2,Aloe,Skip
22.78977265,34.10643313,69.50484118,4.85151354,9,Aloe,Water_Tomorrow
24.62462968,22.76298248,63.49869884,5.478427575,6,Aloe,Water_Tomorrow
25.66409683,32.74347573,68.27048862,4.132058874,6,Aloe,Skip
21.95096616,32.08884092,38.53809675,4.821898103,6,Aloe,Water_Today
28.97562344,16.99828195,53.43722575,6.569568213,4,Aloe,Skip
26.99539333,21.11885253,64.1944941,4.785476348,5,Aloe,Skip
25.16646626,30.96552157,38.92444335,7.237294087,2,Aloe,Skip
18.06690739,18.30196212,25.45553764,9.218425083,10,Aloe,Water_Today
24.28598698,17.93238933,44.80637148,8.720991774,4,Aloe,Water_Tomorrow
17.74357623,24.97401456,28.06870286,10.88457183,7,Aloe,Water_Today
26.26378751,27.42260143,53.13888387,5.441572258,5,Aloe,Skip
19.44492888,29.57552534,29.97443615,7.92309303,6,Aloe,Water_Today
22.70228673,25.86394403,23.77548546,11.75160249,3,Aloe,Water_Tomorrow
22.60543741,32.25663679,49.11708867,7.919040683,5,Aloe,Water_Tomorrow
23.04269983,26.67465175,32.92316182,7.775115472,3,Aloe,Water_Tomorrow
25.78050056,31.1691868,58.34140212,4.470209476,5,Aloe,Skip
26.57250304,29.8095904,77.92911831,4.768394152,6,Aloe,Skip
31.04845507,19.85525153,50.8295994,5.031025857,0,Aloe,Skip
30.01817362,29.60372734,52.11771403,5.165848936,0,Aloe,Skip
22.8897839,27.18902167,48.21486397,6.702419272,5,Aloe,Water_Tomorrow
24.75938717,25.6387847,40.83582698,4.127011862,4,Aloe,Water_Tomorrow
23.10735587,19.18844626,50.60958327,7.835012799,7,Aloe,Water_Tomorrow
16.65119724,32.78403401,48.19652372,10.95049094,8,Aloe,Water_Today
31.64703931,15.29040886,77.4730432,8.702672055,3,Aloe,Skip
20.41474374,21.81954723,47.16040526,7.125581011,10,Aloe,Water_Today
24.65365252,32.31484233,58.89172689,9.017304585,4,Aloe,Water_Tomorrow
28.07591001,23.97687155,32.52324741,9.124499767,0,Aloe,Skip
19.56686804,33.5958024,23.91703424,5.466079865,7,Aloe,Water_Today
25.07477705,26.0790352,57.35796385,10.65151668,4,Aloe,Skip
31.68777939,21.70601692,68.1279862,5.809489335,2,Aloe,Skip
18.4531964,18.94637617,35.92875766,11.37648454,10,Aloe,Water_Today
21.34148506,32.09191383,30.15730465,5.98379511,5,Aloe,Water_Today
29.25744199,23.6445954,70.14647875,9.803969608,1,Aloe,Skip
26.43492735,30.50661947,40.93750014,9.530563245,0,Aloe,Skip
24.48833243,25.04037447,69.83394016,8.072880254,6,Aloe,Water_Tomorrow
19.9006772,26.12439226,74.76833996,11.61377189,9,Aloe,Water_Today
27.86792016,22.9288004,29.92061047,6.875271004,1,Aloe,Skip
23.20133729,22.92082464,67.50583379,6.139812209,8,Aloe,Water_Tomorrow
20.61723313,32.66378305,55.3572932,6.321448766,9,Aloe,Water_Today
21.69179295,24.72909614,77.80979369,5.833727648,10,Aloe,Water_Today
22.94022629,23.47863232,42.73067588,6.886146865,6,Aloe,Water_Tomorrow
20.01567949,17.91129119,59.65988722,10.67077396,10,Aloe,Water_Today
26.94253098,34.29783472,71.11041811,4.299070604,5,Aloe,Skip
27.48666624,22.82589741,27.00511288,4.030655654,3,Aloe,Skip
23.4703569,25.33440395,28.46011149,5.901829627,5,Aloe,Water_Tomorrow
23.65576183,19.3725554,67.09962304,6.005652561,9,Aloe,Water_Tomorrow
28.30334897,20.06435543,29.77055661,5.083024216,0,Aloe,Skip
21.08532167,34.23298773,69.05563027,7.440028653,8,Aloe,Water_Today
28.20917942,26.82420449,70.59970233,10.57431668,0,Aloe,Skip
24.38901495,15.17521585,60.18294852,7.095761656,8,Aloe,Water_Tomorrow
30.16692965,24.80475725,75.37102678,9.25249734,1,Aloe,Skip
21.11092741,29.99783544,38.93208713,4.691707157,8,Aloe,Water_Today
27.69666288,22.51822529,23.90896741,5.35675191,1,Aloe,Skip
22.31726035,33.83676581,21.79748911,6.287126152,2,Aloe,Water_Tomorrow
27.88674292,15.44680861,27.90288557,6.506839391,3,Aloe,Skip
18.5259508,31.49695022,46.54489024,7.692171393,8,Aloe,Water_Today
24.63994207,23.82685696,56.6823723,4.345095423,8,Aloe,Water_Tomorrow
19.71301747,24.63181979,21.86930455,10.40094048,4,Aloe,Water_Today
19.72988806,18.53680594,44.78763024,11.5447934,7,Aloe,Water_Today
26.20590616,30.65716972,52.10539842,9.263357798,2,Aloe,Skip
24.73634832,32.74558418,20.90039357,10.22883188,0,Aloe,Water_Tomorrow
18.98502665,31.40266257,73.76788651,11.09340256,10,Aloe,Water_Today
20.34861393,23.69936051,30.09625895,4.137268181,10,Aloe,Water_Today
23.31235702,28.48960557,64.07432047,11.67206441,5,Aloe,Water_Tomorrow
23.42697908,26.84133218,41.85743534,7.657886665,4,Aloe,Water_Tomorrow
17.06268857,34.15901569,70.47505638,9.450095945,10,Aloe,Water_Today
17.05956592,25.71351898,28.70752598,10.94313439,9,Aloe,Water_Today
21.4109727,34.59539017,44.71166895,7.348485267,5,Aloe,Water_Today
26.9667094,21.21549082,70.24594777,4.694630162,7,Aloe,Skip
22.33782392,18.96185462,55.47457753,10.88074252,8,Aloe,Water_Tomorrow
28.62253991,32.55106242,63.20775502,8.20131457,1,Aloe,Skip
22.90162505,27.37539533,38.32915123,4.880457462,5,Aloe,Water_Tomorrow
16.85850784,29.98590775,30.24834768,10.20835223,9,Aloe,Water_Today
16.74007106,30.00716251,43.11240547,11.45254714,10,Aloe,Water_Today
29.88596756,18.83086125,74.92626869,7.036828888,4,Aloe,Skip
24.72797498,15.28395992,31.56891632,11.81013083,1,Aloe,Water_Tomorrow
23.48628628,32.21427512,79.15686467,10.98212455,5,Aloe,Water_Tomorrow
28.65401868,18.7667631,68.42128766,5.188826153,6,Aloe,Skip
16.03039152,29.43313029,31.34501334,10.82665908,10,Aloe,Water_Today
23.1032331,28.41151299,48.53892971,5.537970634,6,Aloe,Water_Tomorrow
24.41708064,26.19991908,67.71220925,8.520965974,6,Aloe,Water_Tomorrow
26.77461685,20.70453383,23.73482804,7.039706821,0,Aloe,Skip
19.54923024,19.11184166,36.55133859,10.39771149,9,Aloe,Water_Today
19.79881611,26.84436865,47.09649058,8.317753052,7,Aloe,Water_Today
26.02100175,20.20805773,66.59293678,11.17254394,3,Aloe,Skip
23.80942985,25.26643898,48.58748946,7.96176049,5,Aloe,Water_Tomorrow
15.90223436,31.94352476,35.45588394,9.817349888,8,Aloe,Water_Today
21.64902868,24.77078013,32.90113866,6.819793077,5,Aloe,Water_Today
25.153955,17.06971569,48.47563016,9.476532822,5,Aloe,Skip
19.92637559,19.68705941,21.03787178,6.353634165,8,Aloe,Water_Today
22.30454859,19.55792954,43.38080335,8.94420634,6,Aloe,Water_Tomorrow
23.82473173,23.55832803,35.19090364,5.189218248,4,Aloe,Water_Tomorrow
31.01153143,27.82919952,59.67463038,4.544116151,0,Aloe,Skip
21.7012005,16.80352276,34.08939564,8.757579672,6,Aloe,Water_Today
31.77223134,18.19567935,70.16685088,5.559297168,1,Aloe,Skip
23.81699332,23.57672638,40.55550752,6.157851964,6,Aloe,Water_Tomorrow
16.51183267,33.39441407,20.58773208,11.31666641,5,Aloe,Water_Today
20.19215714,26.16428761,65.78599926,7.401074679,9,Aloe,Water_Today
24.22561512,16.17144292,72.99736461,8.471098649,9,Aloe,Water_Tomorrow
24.62529114,24.29583264,38.17136024,5.268843946,6,Aloe,Water_Tomorrow
24.93336345,15.96001805,22.02295573,9.466357425,2,Aloe,Water_Tomorrow
22.97774132,27.09310453,46.56751169,4.642325018,7,Aloe,Water_Tomorrow
23.59913446,19.84877347,62.12713737,11.47311374,7,Aloe,Water_Tomorrow
25.92698966,22.61575498,39.31865699,9.651163698,1,Aloe,Skip
16.80699336,26.21257739,41.62579163,7.287885256,10,Aloe,Water_Today
27.47415277,27.89201067,64.2396193,10.20283361,2,Aloe,Skip
24.32702978,20.93462933,32.43402534,5.460269956,5,Aloe,Water_Tomorrow
22.52617052,30.44066878,79.36801929,10.27623363,8,Aloe,Water_Tomorrow
20.4109888,22.35084851,25.00587454,7.62324951,6,Aloe,Water_Today
29.53532617,22.50908118,48.78710419,6.384472416,2,Aloe,Skip
45.52702334,34.71862642,32.05335303,8.606210698,2,Lettuce,Water_Today
61.88303373,24.61658343,63.06867031,8.509029954,1,Lettuce,Skip
56.44009261,20.23098346,29.58684764,4.721145749,2,Lettuce,Skip
61.44917808,29.82996154,56.90326369,7.024611879,0,Lettuce,Skip
48.92583299,32.75362402,22.58186424,4.955230325,1,Lettuce,Water_Today
60.83916368,26.44378959,79.34304393,5.904451207,3,Lettuce,Skip
47.46313704,25.43073363,41.51037944,10.19540638,3,Lettuce,Water_Today
53.83258015,31.39450566,62.67993204,8.157758351,2,Lettuce,Water_Tomorrow
57.76176102,24.17186759,58.78850011,5.377963575,3,Lettuce,Skip
49.74640096,28.50291896,37.9261162,4.485358218,3,Lettuce,Water_Today
57.88910502,32.92655437,78.75106721,11.58390564,1,Lettuce,Skip
50.92460921,24.06529745,42.99599822,10.95437543,2,Lettuce,Water_Tomorrow
53.23391495,33.77393417,32.19327862,6.905387028,0,Lettuce,Water_Tomorrow
49.1900362,32.97298156,38.77066012,11.89692046,1,Lettuce,Water_Today
58.99577311,26.19983332,73.86535856,5.344263573,3,Lettuce,Skip
50.58062593,34.43883104,39.77518535,5.965687221,2,Lettuce,Water_Tomorrow
42.59634518,29.73775345,30.75656251,10.42503778,2,Lettuce,Water_Today
67.94387268,16.69278831,67.06044693,9.740240052,1,Lettuce,Skip
70.16481605,17.45299538,50.98119543,8.128191523,0,Lettuce,Skip
58.08011695,22.31678287,25.24131209,5.795293483,0,Lettuce,Skip
58.85827244,23.62843793,58.32400702,7.017115628,2,Lettuce,Skip
55.29529238,16.69939155,30.59918322,10.82951002,1,Lettuce,Skip
59.64458977,25.64103689,56.74805024,7.170501193,1,Lettuce,Skip
45.31471067,34.63938694,49.46985317,5.675049109,3,Lettuce,Water_Today
45.25302194,26.33063248,21.24180537,9.338596009,2,Lettuce,Water_Today
61.25921125,25.53679762,50.97365512,4.951134603,1,Lettuce,Skip
52.47337988,17.98868718,59.60705207,11.15884349,3,Lettuce,Water_Tomorrow
37.26676732,33.92695064,22.16414019,7.216188338,3,Lettuce,Water_Today
44.0936349,29.36943603,34.53784827,8.402361489,3,Lettuce,Water_Today
56.55270522,21.98521623,39.76631021,9.946660112,1,Lettuce,Skip
60.76395726,34.35913538,77.62129494,11.09320497,0,Lettuce,Skip
55.39682366,21.02638669,45.45452312,5.718077816,3,Lettuce,Skip
68.29016684,33.11058389,68.73760372,5.124234492,0,Lettuce,Skip
75.20091493,22.27325194,72.73981905,4.155631513,0,Lettuce,Skip
64.44103711,19.29999588,63.62122384,7.84897455,2,Lettuce,Skip
63.65622011,30.6129643,62.15848421,5.954581143,1,Lettuce,Skip
61.26860228,19.54706403,52.6068888,7.425764662,2,Lettuce,Skip
64.2032059,15.86087281,57.50715151,10.05845979,1,Lettuce,Skip
58.59862305,26.95493166,64.62125281,8.683827902,2,Lettuce,Skip
60.25581258,22.80016783,34.5841863,5.790683531,1,Lettuce,Skip
47.85412288,34.01499049,65.17523679,9.541380478,3,Lettuce,Water_Today
40.76453754,28.38582813,28.43651883,9.413202962,3,Lettuce,Water_Today
61.69933279,20.24590256,43.26359108,10.18161402,0,Lettuce,Skip
42.0095464,22.79364189,20.88098198,9.727462877,3,Lettuce,Water_Today
53.99585293,31.15656698,64.57029586,5.025402056,3,Lettuce,Water_Tomorrow
42.52569125,27.82939463,23.27932379,10.88177024,2,Lettuce,Water_Today
57.04103506,18.84901095,43.01689143,10.27843952,1,Lettuce,Skip
59.48234785,22.37215768,35.81039573,8.905007095,0,Lettuce,Skip
59.92258506,16.01578656,64.6459386,11.06307221,2,Lettuce,Skip
52.24775107,31.22923157,70.19472636,11.46278842,2,Lettuce,Water_Tomorrow
63.35022634,25.20771076,55.01104629,8.985956547,0,Lettuce,Skip
46.12719167,34.29559566,63.22626659,10.60762334,3,Lettuce,Water_Today
72.69452184,17.3256794,74.26205743,7.78973557,1,Lettuce,Skip
45.20362667,29.39569776,35.57517603,5.652728436,3,Lettuce,Water_Today
52.64535027,24.15791507,21.9214885,4.210201998,1,Lettuce,Water_Tomorrow
36.04117495,28.68550063,20.86287649,11.4846968,3,Lettuce,Water_Today
64.62785056,21.66608711,75.8055685,8.448252937,2,Lettuce,Skip
56.74269808,29.71910741,33.32348695,6.471917818,0,Lettuce,Skip
51.15875897,31.58045287,33.87613916,11.09384219,0,Lettuce,Water_Tomorrow
56.06630032,23.30958112,20.61230371,6.29860901,0,Lettuce,Skip
72.08387135,18.20464715,72.54158379,11.52029158,0,Lettuce,Skip
55.72383389,16.0543561,44.17655909,10.7682345,2,Lettuce,Skip
66.46753683,15.35523841,41.57320421,8.151096915,0,Lettuce,Skip
53.7398471,32.33929545,79.95771736,7.662580906,3,Lettuce,Water_Tomorrow
65.31637111,22.57224604,60.50974739,8.79287985,1,Lettuce,Skip
68.7698359,15.13647083,48.27242142,9.039121599,0,Lettuce,Skip
44.51220409,27.07776457,21.62523102,4.408456849,3,Lettuce,Water_Today
47.78930321,16.59073374,25.90182002,8.351683397,3,Lettuce,Water_Today
45.23219759,28.91214443,32.3029641,9.870574547,2,Lettuce,Water_Today
62.10356074,28.25244944,44.62143747,4.548772237,0,Lettuce,Skip
35.09561158,33.4429878,22.53092738,8.685146914,3,Lettuce,Water_Today
49.34093046,26.40502132,29.63516088,8.989141145,2,Lettuce,Water_Today
55.21789411,34.95157135,75.84188102,5.906324141,3,Lettuce,Skip
42.49472021,22.58804499,27.09904396,8.625309565,3,Lettuce,Water_Today
65.92586425,34.80298726,75.15383081,5.167120166,0,Lettuce,Skip
56.51507813,27.03551559,73.47073933,6.678186742,3,Lettuce,Skip
51.84887552,29.0920814,42.2695273,11.992324,0,Lettuce,Water_Tomorrow
61.16659567,22.91935474,75.83422436,9.234964231,3,Lettuce,Skip
48.0482515,20.20791432,28.7729301,9.823577529,2,Lettuce,Water_Today
45.69377356,32.11312547,49.08606371,7.943275117,3,Lettuce,Water_Today
43.68458536,34.21565345,38.22609711,11.51030279,2,Lettuce,Water_Today
48.48865356,30.94742122,56.46769106,9.627709099,3,Lettuce,Water_Today
56.02103529,21.58537329,56.77721644,8.587440721,3,Lettuce,Skip
54.68252896,31.40672452,33.68969092,4.630006195,1,Lettuce,Water_Tomorrow
63.85315828,20.81600721,74.76236282,10.54583771,2,Lettuce,Skip
67.57917766,29.40327637,62.88726364,5.046940088,0,Lettuce,Skip
63.56686048,18.75413832,66.67927286,7.584140219,2,Lettuce,Skip
72.01573601,16.91994325,55.74974976,4.248990451,0,Lettuce,Skip
39.55668491,34.33874183,21.40131187,11.0586757,2,Lettuce,Water_Today
63.44657563,23.3969089,78.73311613,4.580656672,3,Lettuce,Skip
73.52275456,18.06737959,77.45937453,9.947980083,0,Lettuce,Skip
42.56773008,34.89703737,38.42466651,11.70036854,2,Lettuce,Water_Today
61.43537047,24.2612156,79.2593586,7.153368708,3,Lettuce,Skip
62.52899246,15.30975681,69.13253806,10.9139218,2,Lettuce,Skip
48.09736311,26.45525327,30.82069738,8.772682411,2,Lettuce,Water_Today
57.46963521,30.75552501,62.94088068,10.85167575,1,Lettuce,Skip
43.58561584,22.27508143,35.57382188,10.36443428,3,Lettuce,Water_Today
47.99810502,31.4586956,49.9351283,10.53377055,2,Lettuce,Water_Today
51.72940125,26.54667448,54.10814155,6.994600764,3,Lettuce,Water_Tomorrow
69.14984896,17.99979234,64.61097997,6.465414024,1,Lettuce,Skip
72.39890563,19.17924387,65.56054975,4.203318632,1,Lettuce,Skip
73.6304103,17.91119323,75.19370398,5.401604877,1,Lettuce,Skip
45.41907996,29.04973769,48.73121339,10.4539349,3,Lettuce,Water_Today
61.8223944,16.04479157,29.03896261,4.087157099,1,Lettuce,Skip
49.27912119,33.32528285,50.71091207,9.488736537,2,Lettuce,Water_Today
50.56639273,24.93138269,38.27526362,4.037448154,3,Lettuce,Water_Tomorrow
60.38018981,17.97536019,43.74652552,6.93474216,1,Lettuce,Skip
70.41769389,18.06543135,70.6419316,4.820663708,2,Lettuce,Skip
55.22680109,15.62729668,38.17021952,8.222046626,3,Lettuce,Skip
57.46881351,24.94461843,47.27823517,5.319231488,2,Lettuce,Skip
64.69000991,19.48530869,57.0320524,4.448048725,2,Lettuce,Skip
46.48258857,31.73267535,31.41007595,6.286466935,2,Lettuce,Water_Today
51.70726521,32.62238028,73.53895763,7.988144826,3,Lettuce,Water_Tomorrow
56.07566823,23.69938695,54.29404307,10.24303632,2,Lettuce,Skip
59.65512688,23.67351377,57.38762415,6.890061806,2,Lettuce,Skip
61.32994268,31.82278102,76.8296733,4.499950145,2,Lettuce,Skip
63.60931636,16.17399898,29.74420234,5.453283297,0,Lettuce,Skip
63.59571295,25.42462298,54.08499953,5.049381977,1,Lettuce,Skip
57.45051946,32.0259265,60.11344596,11.68039376,0,Lettuce,Skip
53.61341452,28.61239629,72.45497485,8.092407975,3,Lettuce,Water_Tomorrow
46.59270817,33.72096212,36.22891956,5.051202848,2,Lettuce,Water_Today
64.37732645,27.0106288,72.8629447,10.59563956,0,Lettuce,Skip
58.23526502,19.6838369,55.91881439,5.076532005,3,Lettuce,Skip
56.72749279,33.83973315,65.46002849,4.148720825,2,Lettuce,Skip
57.83442292,27.34567858,37.89089601,7.24468392,0,Lettuce,Skip
40.11585801,33.24684476,39.16296702,10.54043798,3,Lettuce,Water_Today
41.08626706,32.86422551,21.22700903,6.14728547,3,Lettuce,Water_Today
50.95559623,19.93454542,35.91644506,5.258837245,3,Lettuce,Water_Tomorrow
49.12608882,27.04466495,57.2017875,9.450996388,3,Lettuce,Water_Today
57.68679979,22.44153688,70.50925291,9.448645881,3,Lettuce,Skip
50.94170398,30.80248908,47.32111782,10.44335293,1,Lettuce,Water_Tomorrow
50.02165988,25.35721813,20.5307508,9.813852671,0,Lettuce,Water_Tomorrow
69.40262202,22.49416596,72.9340216,8.755564162,0,Lettuce,Skip
73.52041742,15.83599328,70.3459017,4.111772226,1,Lettuce,Skip
58.51237968,24.1030448,55.8921235,11.66382121,1,Lettuce,Skip
61.03946091,16.68824802,51.6317307,10.04142457,1,Lettuce,Skip
70.3174754,29.31423622,79.12473191,7.179863603,0,Lettuce,Skip
69.67674005,21.46059883,65.42199422,5.831064717,1,Lettuce,Skip
53.61169579,25.36662566,46.29104776,10.12919722,1,Lettuce,Water_Tomorrow
54.43315386,29.52976583,64.6826562,8.197414675,3,Lettuce,Water_Tomorrow
58.53861735,21.17544814,41.84338295,8.755285581,1,Lettuce,Skip
63.72917391,30.77502648,76.57985156,8.151703776,1,Lettuce,Skip
56.9847112,21.34997872,65.7843052,7.740179636,3,Lettuce,Skip
44.93568799,21.62572555,22.89298861,11.84861829,2,Lettuce,Water_Today
60.99937017,24.16023147,72.80812668,7.682579899,3,Lettuce,Skip
74.41310552,16.4328826,74.76016551,4.300791106,1,Lettuce,Skip
54.72910443,18.43990627,26.17238426,6.456996421,2,Lettuce,Water_Tomorrow
56.79648249,23.00110765,34.0924908,6.49249465,1,Lettuce,Skip
51.59219081,34.83046008,37.25234227,4.62921281,1,Lettuce,Water_Tomorrow
39.15398709,31.33742221,28.39355887,10.42665438,3,Lettuce,Water_Today
54.04828531,24.64781279,31.47511794,4.033428742,2,Lettuce,Water_Tomorrow
54.69168122,34.70118537,69.44165768,5.157963755,3,Lettuce,Water_Tomorrow
66.40423382,15.52873018,56.74449886,10.67048847,0,Lettuce,Skip
52.65436099,32.39840703,72.68560157,6.982345982,3,Lettuce,Water_Tomorrow
55.52552256,34.06017575,68.09921398,7.653277289,2,Lettuce,Skip
70.70753919,17.4882638,56.61305924,5.975921666,0,Lettuce,Skip
68.73935356,18.31192035,78.44473424,11.47768414,1,Lettuce,Skip
72.10671692,24.05806931,65.98084301,4.615926136,0,Lettuce,Skip
49.7200374,33.80499656,21.76170716,8.754084544,0,Lettuce,Water_Today
57.43383992,18.93930796,26.20945316,10.41003678,0,Lettuce,Skip
54.75138997,32.01386808,75.51817056,7.292223355,3,Lettuce,Water_Tomorrow
52.33138437,33.15966815,52.07202964,4.3757343,3,Lettuce,Water_Tomorrow
43.13276433,25.13518403,28.38419495,7.954406302,3,Lettuce,Water_Today
53.96177315,27.78550782,50.81966524,11.44385582,1,Lettuce,Water_Tomorrow
59.26087983,29.28812781,40.9365857,4.742131459,1,Lettuce,Skip
47.9168364,33.85694462,55.51297159,10.23272448,2,Lettuce,Water_Today
44.02028378,29.53886446,42.48162322,10.21636098,3,Lettuce,Water_Today
51.7955972,29.83305902,55.7118384,8.013656863,2,Lettuce,Water_Tomorrow
60.32586097,17.83314793,58.96605464,11.92237467,1,Lettuce,Skip
58.26025299,31.13746725,62.36828123,6.530648971,2,Lettuce,Skip
61.76552624,21.44905503,59.90100781,7.405652899,2,Lettuce,Skip
67.126192,18.47658658,48.77397467,4.526767429,1,Lettuce,Skip
61.68281231,17.15578129,48.71598205,8.03459313,2,Lettuce,Skip
63.47721185,24.24551611,55.27756246,4.922276942,1,Lettuce,Skip
63.65472839,19.45657288,40.18326498,7.61994849,0,Lettuce,Skip
59.86010747,22.27390098,26.86150217,4.938539571,0,Lettuce,Skip
58.89487217,28.65509837,40.02336473,4.222009071,1,Lettuce,Skip
60.08786545,19.89347905,59.35742447,7.047742741,3,Lettuce,Skip
71.65340818,20.64015142,76.31303456,7.016531268,1,Lettuce,Skip
69.47489899,18.48883276,50.36622602,5.705866237,0,Lettuce,Skip
63.88268069,25.14395329,49.23130123,4.854864705,1,Lettuce,Skip
56.98812426,21.52542495,26.90557421,8.129374297,0,Lettuce,Skip
65.31424492,19.5803018,43.40160409,5.560523827,0,Lettuce,Skip
55.55133065,21.21985128,26.82089587,8.032748162,1,Lettuce,Skip
75.87357553,23.97972215,71.05947861,4.440437109,0,Lettuce,Skip
43.02369087,29.70798173,31.40858722,7.807445481,3,Lettuce,Water_Today
53.28052903,31.89419588,65.61495418,4.456164133,3,Lettuce,Water_Tomorrow
57.83561134,16.53670545,49.49462497,7.958142736,2,Lettuce,Skip
50.57811528,33.26279865,39.40633931,11.47493865,0,Lettuce,Water_Tomorrow
58.84055717,28.89316357,62.59802054,6.759142669,2,Lettuce,Skip
45.63347716,29.69726854,31.87099552,10.08977863,2,Lettuce,Water_Today
39.79535963,30.79760674,29.75524753,11.24126005,3,Lettuce,Water_Today
66.66044823,31.64964977,65.65092331,4.354343008,0,Lettuce,Skip
67.03029541,27.78289244,79.41615072,5.433583298,1,Lettuce,Skip
48.57276056,31.97490954,31.77780731,7.956475028,1,Lettuce,Water_Today
55.57723201,25.47586148,49.2930295,5.108023801,3,Lettuce,Skip
58.47149061,20.92484299,39.42905279,11.75536579,0,Lettuce,Skip
56.63962247,20.25979377,50.80703368,6.645704413,3,Lettuce,Skip
55.20550761,16.00603529,52.99187017,10.45262471,3,Lettuce,Skip
53.78175431,22.03365346,51.29231251,9.578828116,2,Lettuce,Water_Tomorrow
50.30352955,17.16919689,40.50307722,11.33089006,3,Lettuce,Water_Tomorrow
55.99689197,23.14536452,59.55752485,6.471622336,3,Lettuce,Skip
40.71176475,31.85501484,32.97648236,10.26782,3,Lettuce,Water_Today
55.74243866,27.79033964,43.79880392,9.896868399,0,Lettuce,Skip
53.88577865,34.35788482,46.20887524,8.767652406,0,Lettuce,Water_Tomorrow
59.36318214,20.30312891,28.60659011,9.033274135,0,Lettuce,Skip
57.14958843,27.0892108,37.93737186,6.756626282,0,Lettuce,Skip
67.84353465,17.16906094,63.67042812,9.657737161,1,Lettuce,Skip
60.78684047,15.76913593,61.93101067,5.759041014,3,Lettuce,Skip
47.66429912,32.96396694,32.10972646,5.188502826,2,Lettuce,Water_Today
60.36797341,17.64816538,24.68816998,5.954205717,0,Lettuce,Skip
50.1651449,15.6536006,22.30346769,9.742969576,2,Lettuce,Water_Tomorrow
60.17281363,33.94480242,58.17952342,6.467444522,0,Lettuce,Skip
56.89453064,16.78394714,32.75217272,7.399208564,2,Lettuce,Skip
44.65023035,30.27265321,31.33673526,5.529327794,3,Lettuce,Water_Today
61.4185906,15.11249294,60.60237783,8.64080146,3,Lettuce,Skip
45.97859371,26.59725087,37.70138587,11.51433106,2,Lettuce,Water_Today
64.13518854,24.5392363,75.71979921,8.75479365,1,Lettuce,Skip
56.77119903,19.79218728,47.52986901,6.832832184,3,Lettuce,Skip
55.26511781,15.14541373,35.66336909,6.561581994,3,Lettuce,Skip
65.00667166,22.12092944,67.36499292,5.906023765,2,Lettuce,Skip
64.94492324,20.58988457,47.58475532,4.864792227,1,Lettuce,Skip
57.3605057,15.31474333,27.84534119,4.69583182,2,Lettuce,Skip
53.76587442,23.50483749,61.26065388,9.433574711,3,Lettuce,Water_Tomorrow
59.66222255,25.82558288,68.26383956,6.377292628,3,Lettuce,Skip
57.65864494,18.04407017,32.15635067,6.325792676,1,Lettuce,Skip
62.62614823,20.77420367,73.43728564,8.408943592,3,Lettuce,Skip
46.43593397,30.31436501,57.73637851,11.17316191,3,Lettuce,Water_Today
67.42257956,15.65059654,41.32767916,7.834166569,0,Lettuce,Skip
49.1213678,27.6978835,52.4155036,10.79143248,3,Lettuce,Water_Today
57.9373596,18.78474708,38.22904515,9.564568145,1,Lettuce,Skip
47.52494242,27.33386939,53.41647062,10.95012256,3,Lettuce,Water_Today
58.85395912,15.66493028,26.50527676,9.567467903,0,Lettuce,Skip
54.68132052,25.86638499,28.73694917,8.936956402,0,Lettuce,Water_Tomorrow
55.71146243,34.70135316,43.35299344,5.267602551,1,Lettuce,Skip
63.7290199,26.56953248,72.13280954,6.945881913,2,Lettuce,Skip
59.02152094,17.95525914,31.86580255,7.389024213,1,Lettuce,Skip
50.22716489,34.48114143,31.16048142,7.294029563,0,Lettuce,Water_Tomorrow
63.57106837,31.84391095,65.36622895,10.38007481,0,Lettuce,Skip
64.56296743,23.12590663,51.63970723,8.704809723,0,Lettuce,Skip
46.99712973,31.72984821,26.12506296,9.259617331,1,Lettuce,Water_Today
62.13527989,26.09087348,55.54416944,6.175747924,1,Lettuce,Skip
45.32152277,28.06230478,23.23552949,4.611838161,3,Lettuce,Water_Today
61.26606944,28.14457659,79.51713671,6.755150641,2,Lettuce,Skip
40.6310639,25.74373238,36.69662845,11.44803741,3,Lettuce,Water_Today
63.16142334,16.55036402,64.18308194,11.46443539,1,Lettuce,Skip
62.17533373,29.60318032,70.44924756,6.876152323,1,Lettuce,Skip
71.52709027,21.60392068,57.37024978,5.489709727,0,Lettuce,Skip
56.37716883,21.85648714,37.55676573,9.725113219,1,Lettuce,Skip
50.06179177,34.48233279,76.28120818,9.522504977,3,Lettuce,Water_Tomorrow
54.7465448,29.81128996,46.11845928,11.42471157,0,Spinach,Skip
63.5252879,22.55817524,77.19517721,4.730218345,1,Spinach,Skip
65.16577912,17.66673771,63.97062555,5.302734178,1,Spinach,Skip
45.99836879,28.26444836,70.24914835,11.04323913,4,Spinach,Water_Today
49.41478865,26.70394554,31.25171314,7.511920732,2,Spinach,Water_Tomorrow
56.28824204,29.94265491,47.33908082,4.942862774,1,Spinach,Skip
56.65778342,21.2126096,46.90001914,10.92076135,0,Spinach,Skip
51.33490243,23.7969722,42.95583773,7.65853322,3,Spinach,Water_Tomorrow
68.22505715,22.61876399,72.61618504,4.454851045,0,Spinach,Skip
56.44783468,21.26271208,47.52152009,5.013799921,2,Spinach,Skip
63.87444302,15.52736553,55.01887086,8.595945625,0,Spinach,Skip
41.95853729,27.5790324,34.97457655,10.76314118,4,Spinach,Water_Today
49.8165556,24.23800573,51.78731335,5.88846749,3,Spinach,Water_Tomorrow
40.66858369,33.2662441,36.39811452,11.87488398,3,Spinach,Water_Today
56.87354889,24.58363185,46.24392853,7.679513611,1,Spinach,Skip
51.79247558,33.41315604,34.70251206,5.302641872,1,Spinach,Water_Tomorrow
59.12716205,25.75706191,70.6018754,6.044390795,2,Spinach,Skip
47.70196991,32.50543854,55.48738626,11.94531405,2,Spinach,Water_Tomorrow
44.65908275,28.63825345,53.0847834,9.435076958,3,Spinach,Water_Today
48.25818829,33.628086,53.8859603,6.895498224,3,Spinach,Water_Tomorrow
63.99442506,21.75507437,76.92930199,9.182570688,0,Spinach,Skip
63.6470618,27.75331819,76.07810191,7.488545066,0,Spinach,Skip
47.925388,29.11601164,57.37623373,10.65364562,3,Spinach,Water_Tomorrow
51.87140793,17.33916928,24.52598945,9.388073239,2,Spinach,Water_Tomorrow
52.284332,25.50892828,28.71489408,7.731817658,0,Spinach,Skip
62.55934529,16.63011763,57.76243786,11.15810823,0,Spinach,Skip
58.69201865,32.76579901,72.19286185,11.38986959,0,Spinach,Skip
61.68972147,22.46365756,76.86336005,5.777962437,1,Spinach,Skip
57.08494261,22.99678081,45.32907422,4.931458869,2,Spinach,Skip
61.73793292,18.61708168,46.8131865,4.718806782,1,Spinach,Skip
48.0545737,18.991117,39.30439207,4.470514025,4,Spinach,Water_Tomorrow
53.27141067,29.17352036,28.47493144,5.333100885,1,Spinach,Skip
51.42177315,29.73640935,38.61476085,11.24732751,0,Spinach,Water_Tomorrow
46.25975345,23.43376564,53.16327632,11.39890378,4,Spinach,Water_Tomorrow
53.87865657,28.92258482,50.16687782,8.181427628,1,Spinach,Skip
46.35919247,32.29324024,62.67438404,11.71586078,3,Spinach,Water_Tomorrow
49.75737797,29.29960401,39.49512208,5.017207106,3,Spinach,Water_Tomorrow
36.85688771,26.35009172,22.96117225,11.73718058,4,Spinach,Water_Today
54.26664636,20.49248925,44.68784914,7.029152259,2,Spinach,Skip
47.20988248,26.1642354,30.30696775,9.753598779,2,Spinach,Water_Tomorrow
59.8628237,30.11012837,58.20202325,4.962658054,0,Spinach,Skip
48.46439979,20.48954042,27.42189311,8.057946248,2,Spinach,Water_Tomorrow
65.06542275,28.70204981,74.41918528,5.268888657,0,Spinach,Skip
60.19248212,17.89549297,34.98226737,5.524133347,0,Spinach,Skip
51.28849571,22.34588206,68.25695819,6.371555725,4,Spinach,Water_Tomorrow
46.8033823,24.80289995,34.82611495,9.233372669,2,Spinach,Water_Tomorrow
59.84710005,16.33590784,72.57511074,9.603472435,2,Spinach,Skip
43.79772023,30.59297987,55.2388919,11.735779,3,Spinach,Water_Today
43.25938094,27.75724473,34.07042412,4.368340121,4,Spinach,Water_Today
58.4151563,22.23984383,55.26649937,8.078116072,0,Spinach,Skip
48.19270436,31.86876763,78.1170506,6.060002199,4,Spinach,Water_Tomorrow
46.67042432,32.7668015,48.60334517,9.290208047,2,Spinach,Water_Tomorrow
42.39271565,18.48528513,24.86554077,7.801257057,4,Spinach,Water_Today
50.87677879,26.82168984,55.72619748,4.179094259,3,Spinach,Water_Tomorrow
57.11620312,15.53304786,41.47537348,6.026505722,2,Spinach,Skip
50.08756114,31.97218127,61.59327973,8.238815261,3,Spinach,Water_Tomorrow
51.05147533,30.66933677,45.99817775,7.661222268,2,Spinach,Water_Tomorrow
49.42142579,23.99912711,24.40885268,9.473404692,1,Spinach,Water_Tomorrow
52.50629954,24.0835209,25.65680384,8.250033617,0,Spinach,Skip
55.37719302,20.49192929,36.8663318,5.998315274,2,Spinach,Skip
52.32865782,23.95684266,32.22352831,10.03291501,0,Spinach,Skip
62.57128736,20.56898638,61.13567271,10.33471259,0,Spinach,Skip
52.65149093,26.15053806,48.44756413,11.12794011,1,Spinach,Skip
51.27607699,15.81329128,31.37142341,6.504459102,3,Spinach,Water_Tomorrow
44.09596769,32.83038041,27.44078216,8.558167934,1,Spinach,Water_Today
60.46928735,25.06927242,62.25932739,5.802834668,0,Spinach,Skip
64.70196774,23.98068329,72.56945545,6.410808805,0,Spinach,Skip
43.59488562,28.63059094,54.70041827,10.46245986,4,Spinach,Water_Today
57.4194977,15.140171,67.09690425,11.37908661,2,Spinach,Skip
55.75941914,19.59167785,51.29269958,11.33978607,1,Spinach,Skip
56.36028553,19.37552482,72.81845215,7.586650918,4,Spinach,Skip
58.8153944,20.22179427,73.60762096,6.888920283,3,Spinach,Skip
47.91668353,24.50718493,65.95135084,8.047017305,4,Spinach,Water_Tomorrow
52.23857355,28.25653866,32.20157884,7.642551957,0,Spinach,Skip
66.31390309,17.72527511,68.85043418,4.256128397,0,Spinach,Skip
63.42078391,15.81061591,41.788402,4.511414871,0,Spinach,Skip
55.39587568,24.78335806,61.38765294,5.695576054,2,Spinach,Skip
54.66193847,27.3171841,66.32015468,11.10186605,1,Spinach,Skip
58.98797051,16.52831434,51.5822522,8.079370694,2,Spinach,Skip
56.74739564,22.35291849,42.59109756,9.218478727,0,Spinach,Skip
61.69355706,26.41356701,78.10788117,4.69070377,1,Spinach,Skip
51.75625199,33.40055205,56.18003646,9.979133573,0,Spinach,Water_Tomorrow
55.90427515,15.68685684,64.76559597,5.660815385,4,Spinach,Skip
46.55302316,22.5741224,31.03791482,11.12980423,3,Spinach,Water_Tomorrow
51.0730098,28.98472233,78.30700352,8.043631502,4,Spinach,Water_Tomorrow
55.92501144,22.97219217,32.49024795,6.549754768,1,Spinach,Skip
52.12067981,17.17391324,40.22310562,4.828805143,3,Spinach,Skip
44.65995916,30.17994207,42.08504994,5.18354625,4,Spinach,Water_Today
52.39683027,19.94291053,49.3323611,8.629296539,2,Spinach,Skip
52.13305325,26.43954044,61.8775931,5.720209041,4,Spinach,Skip
52.30095176,26.46802162,32.19045804,8.538618419,0,Spinach,Skip
49.13311015,30.77492286,32.64355328,5.495363645,1,Spinach,Water_Tomorrow
43.57577431,32.2400457,45.65955958,5.358009746,4,Spinach,Water_Today
60.65665067,17.44273696,73.14016651,7.129809117,3,Spinach,Skip
54.16385117,23.31121156,46.15751654,10.91625349,0,Spinach,Skip
47.93321906,26.67371753,22.21191427,6.53886313,2,Spinach,Water_Tomorrow
61.45204635,21.81002132,56.90625075,5.009439599,0,Spinach,Skip
46.95921334,26.55693857,21.08821614,11.78477458,1,Spinach,Water_Tomorrow
50.29760803,32.94887953,47.70115487,5.904201853,1,Spinach,Water_Tomorrow
55.06432199,26.90819193,37.49289648,5.037809762,0,Spinach,Skip
57.58996052,26.56972315,64.64320411,11.09688364,0,Spinach,Skip
47.99335175,33.7072155,74.20242456,5.570834448,4,Spinach,Water_Tomorrow
50.16364399,33.87291444,27.80234595,4.398468786,0,Spinach,Water_Tomorrow
47.25063254,31.09645768,29.52396246,10.17785835,0,Spinach,Water_Tomorrow
45.32598721,18.93741323,27.25632996,9.211213983,3,Spinach,Water_Today
64.5749939,21.37704195,59.79474708,5.013683652,0,Spinach,Skip
47.36229751,34.24728153,22.8692029,6.378430121,1,Spinach,Water_Tomorrow
47.43900851,28.81975489,27.48586297,8.219343749,1,Spinach,Water_Tomorrow
57.78699174,15.28477367,31.27035394,6.28803755,1,Spinach,Skip
52.0465125,30.17113152,47.93871136,9.867581528,0,Spinach,Skip
61.03463057,33.47071028,77.66643241,9.213523568,0,Spinach,Skip
52.75753904,20.48324211,47.67923023,8.735729488,3,Spinach,Skip
38.56272265,34.86368175,38.51769392,10.83940553,3,Spinach,Water_Today
43.95876717,24.24355138,50.4672594,11.24114448,4,Spinach,Water_Today
56.38650884,21.39749371,60.59059362,6.200698129,3,Spinach,Skip
61.22742534,27.12942387,64.1248934,6.377581685,0,Spinach,Skip
50.20346867,19.40146567,21.91624348,11.48213864,1,Spinach,Water_Tomorrow
43.18886331,22.6257999,29.73833542,10.3913518,4,Spinach,Water_Today
62.21279873,29.12793459,64.20552,6.577512959,0,Spinach,Skip
72.66508374,18.69635205,79.22872558,4.107121453,0,Spinach,Skip
50.92473254,18.90978527,48.96698124,4.835788604,4,Spinach,Water_Tomorrow
50.07225127,32.54442919,30.77410581,6.599288445,1,Spinach,Water_Tomorrow
66.53293194,21.96191133,77.67403616,5.003501526,0,Spinach,Skip
55.05670766,27.47855383,51.39694239,10.15132106,0,Spinach,Skip
53.45762167,17.98285533,24.85013715,10.07115478,0,Spinach,Skip
52.73223101,21.69358075,60.9585227,11.440075,2,Spinach,Skip
56.21151027,24.75796807,54.31866474,7.32549788,1,Spinach,Skip
45.43343581,23.57741469,24.57725506,5.712293697,3,Spinach,Water_Today
38.34601329,28.37599833,24.05766289,11.67985418,4,Spinach,Water_Today
52.36933108,31.16484834,50.29201753,4.163972875,2,Spinach,Skip
61.58597596,22.82342865,71.01468234,9.650633306,0,Spinach,Skip
51.33406463,17.67409168,26.96308916,10.05021767,1,Spinach,Water_Tomorrow
48.15848742,34.15520274,72.83004045,6.850603923,4,Spinach,Water_Tomorrow
48.96796204,25.98021172,45.28537726,4.065643568,3,Spinach,Water_Tomorrow
54.28752675,18.64127689,40.12424927,9.934927445,1,Spinach,Skip
58.77152483,15.29492357,49.42082485,9.007643709,1,Spinach,Skip
52.99872578,16.99094791,56.08392911,7.456333614,3,Spinach,Skip
45.05817972,32.99133683,54.50542011,10.33589052,3,Spinach,Water_Today
60.48308228,19.34114991,54.49069506,5.432665406,2,Spinach,Skip
51.69444776,20.08039629,20.14686929,6.996260086,1,Spinach,Water_Tomorrow
51.04452432,17.411536,31.86536542,4.415715741,4,Spinach,Water_Tomorrow
44.70665831,31.37133736,34.01386156,4.494017697,4,Spinach,Water_Today
51.46032224,26.29339113,34.74693768,9.772637382,1,Spinach,Water_Tomorrow
47.94206558,31.15813804,53.08758316,4.841272838,3,Spinach,Water_Tomorrow
46.7543253,30.20264851,47.53157974,6.074824479,3,Spinach,Water_Tomorrow
54.63286399,28.49378659,46.31733543,7.292712676,1,Spinach,Skip
52.92855811,22.90308249,71.98172941,6.565810813,4,Spinach,Skip
45.83988763,21.75342044,36.75781167,10.52462588,4,Spinach,Water_Today
49.29948852,34.04391547,45.4470483,6.354194892,1,Spinach,Water_Tomorrow
53.04433859,15.80730739,62.1936868,6.488990957,4,Spinach,Skip
53.80235665,34.18660119,53.85867173,8.601415896,0,Spinach,Skip
50.82802582,19.0240111,42.53129567,8.99532559,2,Spinach,Water_Tomorrow
46.40077358,22.11254062,43.2785955,11.26700787,3,Spinach,Water_Tomorrow
68.93432758,16.35797306,63.16535881,6.081216316,0,Spinach,Skip
44.30906111,23.02353184,47.82519345,11.7332017,4,Spinach,Water_Today
46.30310453,23.3799109,22.54032163,4.096190476,3,Spinach,Water_Tomorrow
55.78314969,17.09151868,57.62493262,4.504048294,4,Spinach,Skip
48.31148544,31.3846337,28.73020713,10.17992914,1,Spinach,Water_Tomorrow
55.13663747,24.89380998,76.11540791,7.279015988,3,Spinach,Skip
68.49390457,16.04026231,71.00472347,8.153343206,0,Spinach,Skip
61.71709553,25.04581091,58.85030475,8.261638712,0,Spinach,Skip
43.05249244,30.2854261,24.85076787,6.302134021,3,Spinach,Water_Today
56.67044734,20.72267358,78.58994997,7.483845488,4,Spinach,Skip
62.96971782,19.8490628,49.97644398,4.834351758,1,Spinach,Skip
55.09471537,33.03821884,52.06964656,6.751200276,0,Spinach,Skip
54.70447938,23.88302678,56.98277831,6.882118996,2,Spinach,Skip
55.04197471,29.45992779,68.35121691,11.54770796,0,Spinach,Skip
53.33380409,28.65026636,58.33559193,11.09062283,0,Spinach,Skip
52.61836065,28.30206768,70.12370232,7.99906453,2,Spinach,Skip
58.67029903,31.89905975,72.39166657,8.27429871,0,Spinach,Skip
58.07228661,16.27339797,55.17457162,6.510977298,3,Spinach,Skip
46.13137583,25.05149503,41.24750666,9.697802284,3,Spinach,Water_Tomorrow
53.63442382,16.06986348,42.45275098,5.173802806,3,Spinach,Skip
41.57801783,28.06341092,30.86126739,11.90195377,3,Spinach,Water_Today
47.66296955,28.44646566,23.08582373,10.34005691,1,Spinach,Water_Tomorrow
51.68611313,17.99704929,28.22051838,8.363365732,2,Spinach,Water_Tomorrow
61.34634453,17.53317758,71.4119842,9.808909138,2,Spinach,Skip
50.66949177,33.51961504,69.32317673,10.57329973,1,Spinach,Water_Tomorrow
59.04192286,15.56544258,54.2519106,8.392334411,2,Spinach,Skip
51.08015486,19.72770374,32.12508958,5.545520928,2,Spinach,Water_Tomorrow
62.78662467,24.30786222,78.26231223,9.822935964,0,Spinach,Skip
46.5193265,23.31165905,27.24626218,6.092320695,3,Spinach,Water_Tomorrow
49.30726387,23.38149033,56.28681765,5.501900039,4,Spinach,Water_Tomorrow
61.02370005,17.64994553,66.82362519,9.482236357,1,Spinach,Skip
40.92943901,27.81275667,41.56244933,11.10540177,4,Spinach,Water_Today
57.36399688,16.90349263,46.88129766,4.181484246,3,Spinach,Skip
46.73468743,34.2107718,46.12139106,4.720792929,3,Spinach,Water_Tomorrow
49.24917454,27.79074013,64.04902083,10.9857739,2,Spinach,Water_Tomorrow
52.21342744,19.1631552,23.25838537,11.8972246,1,Spinach,Skip
54.90141059,19.58131335,53.52975603,11.91342326,1,Spinach,Skip
51.15736789,34.61474249,52.7715388,5.491417395,1,Spinach,Water_Tomorrow
41.79236252,27.39172613,37.6888872,11.99447309,4,Spinach,Water_Today
65.79901972,21.11944395,65.56040545,4.469165069,0,Spinach,Skip
59.18321851,20.64652503,72.41034474,4.888838134,2,Spinach,Skip
50.05653775,24.63493376,51.18581832,5.244610687,3,Spinach,Water_Tomorrow
46.97760434,27.95754049,26.44858218,6.69582229,2,Spinach,Water_Tomorrow
51.82139836,30.73908445,61.47037478,11.98026212,1,Spinach,Water_Tomorrow
60.98374708,26.53269887,72.88183415,7.773919071,0,Spinach,Skip
54.65799055,16.76488087,52.88110045,6.551040757,4,Spinach,Skip
54.41483095,30.36678956,39.49150917,6.613201871,0,Spinach,Skip
52.76706416,16.46559452,54.87778315,7.46310744,3,Spinach,Skip
54.78479095,31.50585248,77.58827723,11.17091146,1,Spinach,Skip
43.71222658,32.552308,51.53000687,7.519912306,4,Spinach,Water_Today
58.57827279,27.95370908,53.54885646,9.29289409,0,Spinach,Skip
56.43101131,30.79242795,63.70853148,8.020262683,1,Spinach,Skip
45.71070486,15.43676941,27.09291619,6.749788591,4,Spinach,Water_Today
59.30776712,30.46107994,64.92422259,9.563944741,0,Spinach,Skip
55.919349,16.9644806,35.23307863,9.150264253,1,Spinach,Skip
40.96576739,28.54043888,21.46521771,8.302518702,3,Spinach,Water_Today
48.07155219,27.83261363,28.71466602,7.187548759,2,Spinach,Water_Tomorrow
59.27144086,16.83139671,65.45958475,6.283509978,3,Spinach,Skip
57.18042466,18.66250044,79.4215634,10.02432503,3,Spinach,Skip
42.5237133,24.79708361,30.0371821,10.22480562,3,Spinach,Water_Today
61.03423276,18.94592408,72.57663423,6.003859137,2,Spinach,Skip
46.0577524,24.31488067,36.53925588,4.695395116,4,Spinach,Water_Tomorrow
51.23200435,22.91428526,58.58201172,7.371637988,3,Spinach,Water_Tomorrow
48.37005644,23.75414816,70.65344664,9.72759908,4,Spinach,Water_Tomorrow
48.95295029,31.71563175,45.51845116,8.764580059,1,Spinach,Water_Tomorrow
58.80822162,33.62942828,70.94563008,9.713060715,0,Spinach,Skip
48.52020017,29.49148922,72.58462785,8.338410859,4,Spinach,Water_Tomorrow
61.21068528,26.64329446,45.14161645,5.211768503,0,Spinach,Skip
48.97633133,26.75905197,62.20601105,11.82997859,2,Spinach,Water_Tomorrow
55.46092661,21.35060088,67.27406153,11.85101439,1,Spinach,Skip
61.31405911,24.22251869,69.14286468,5.101811328,2,Spinach,Skip
53.48751356,18.91077846,55.21429133,5.772660307,3,Spinach,Skip
49.87213071,19.38811855,27.42080565,10.16944179,1,Spinach,Water_Tomorrow
41.60559104,24.103652,36.72576254,10.27956815,4,Spinach,Water_Today
56.15338021,19.01814359,25.70459517,4.499684739,1,Spinach,Skip
45.50510181,26.41114907,36.2981272,10.25688169,2,Spinach,Water_Today
64.60216992,17.65442099,58.34943483,8.61369714,0,Spinach,Skip
57.74474439,17.2228354,44.64128279,4.359479245,2,Spinach,Skip
45.19340669,20.37116416,32.9707914,8.992200205,3,Spinach,Water_Today
36.95551107,30.10931484,24.3959192,11.87759598,3,Spinach,Water_Today
43.57315118,29.87154702,68.4799828,10.94993808,4,Spinach,Water_Today
55.48287457,16.05006022,61.02485457,11.75520237,2,Spinach,Skip
48.19031763,34.87193426,57.11112607,6.024633257,3,Spinach,Water_Tomorrow
58.16555507,20.5914143,55.63452888,6.797394686,1,Spinach,Skip
47.7121086,28.0534499,28.47351094,6.772511753,2,Spinach,Water_Tomorrow
48.65731072,32.12631419,78.71131518,8.695841432,4,Spinach,Water_Tomorrow
40.26678301,28.13118061,28.01902217,10.12343844,4,Spinach,Water_Today
45.1100324,24.77750807,25.30586571,9.967951775,2,Spinach,Water_Today
54.09181429,20.46004998,37.18713986,6.564253444,2,Spinach,Skip
54.22617118,25.12978862,47.91659233,9.495925344,0,Spinach,Skip
61.62813208,17.23586609,35.61037678,6.399581074,0,Spinach,Skip
54.69876813,27.79556405,68.56781513,4.185088176,3,Spinach,Skip
43.71155386,30.28110342,27.04991979,9.752161887,2,Spinach,Water_Today
50.02784361,15.84918482,37.78445583,9.569134167,3,Spinach,Water_Tomorrow
47.31612293,23.52335934,27.33631448,9.368335157,2,Spinach,Water_Tomorrow
49.29173412,24.91263394,32.97042571,6.891181881,2,Spinach,Water_Tomorrow
48.59395394,28.20558769,51.51589277,5.668421098,3,Spinach,Water_Tomorrow
43.05358166,29.4642934,37.99961371,8.016411524,3,Spinach,Water_Today
